longitude,latitude,housing_median_age,total_rooms,total_bedrooms,population,households,median_income,ocean_proximity,median_house_value
-118.39,34.12,29,6447,1012.0,2184,960,8.2816,<1H OCEAN,480634.57
-120.42,34.89,24,2020,307.0,855,283,5.0099,<1H OCEAN,227205.09
-118.45,34.25,36,1453,270.0,808,275,4.3839,<1H OCEAN,204607.0
-118.1,33.91,35,1653,325.0,1072,301,3.2708,<1H OCEAN,168704.0
-117.07,32.77,38,3779,614.0,1495,614,4.3529,NEAR OCEAN,212466.0
-118.04,33.93,35,1805,387.0,1505,366,4.1667,<1H OCEAN,165345.0
-122.27,37.83,49,1655,366.0,754,329,1.375,NEAR BAY,115170.0
-122.26,37.46,26,5067,750.0,1996,728,7.0001,NEAR OCEAN,427974.21
-122.03,37.36,16,2697,803.0,1369,723,4.4699,<1H OCEAN,279822.01
-117.61,33.43,24,2303,399.0,851,379,3.9875,NEAR OCEAN,253985.07
-118.32,34.06,36,3239,722.0,1383,612,4.5918,<1H OCEAN,405358.3
-121.23,37.96,44,2204,473.0,1277,435,1.5539,INLAND,68725.0
-121.2,37.81,26,395,74.0,193,72,7.3718,INLAND,275427.02
-121.91,37.24,24,5046,1001.0,2449,968,4.7118,<1H OCEAN,270291.0
-118.48,34.28,35,2132,368.0,1128,341,5.3107,<1H OCEAN,238986.0
-117.65,34.1,44,1526,337.0,831,326,3.0284,INLAND,127043.0
-121.59,39.82,12,1958,369.0,875,354,2.3507,INLAND,93939.0
-118.97,35.41,36,1896,315.0,937,303,3.996,INLAND,97262.0
-118.06,33.88,17,7187,1073.0,3844,1068,6.5901,<1H OCEAN,341491.01
-118.39,33.85,24,4373,871.0,1830,824,5.7128,<1H OCEAN,370002.09
-117.98,33.73,18,3833,,2192,996,3.4679,<1H OCEAN,193602.0
-118.32,33.79,35,2924,658.0,1675,602,3.8287,<1H OCEAN,293773.0
-120.27,34.72,14,1289,277.0,693,237,3.2569,<1H OCEAN,204787.0
-119.65,36.33,52,1257,257.0,624,243,2.3523,INLAND,64254.0
-119.86,36.82,12,1488,253.0,675,223,4.7622,INLAND,113794.0
-119.23,35.78,8,1612,343.0,1230,330,2.1806,INLAND,65644.0
-118.35,34.16,45,1390,281.0,538,270,4.2212,<1H OCEAN,305657.03
-120.94,37.68,4,13315,2424.0,6420,2289,4.2471,INLAND,168432.0
-118.99,35.24,40,282,59.0,213,71,2.35,INLAND,76858.0
-121.11,37.47,12,2263,410.0,913,330,3.5795,INLAND,137849.0
-118.02,34.08,28,2769,631.0,2452,581,2.6071,INLAND,172906.0
-120.17,39.33,10,614,141.0,195,95,0.9283,INLAND,102904.0
-118.35,34.02,34,3978,1073.0,2725,1035,1.7622,<1H OCEAN,147857.01
-123.34,39.5,15,2342,535.0,1064,433,1.8967,INLAND,87086.0
-122.24,40.18,39,2191,493.0,1307,499,1.6483,INLAND,59781.0
-122.03,37.36,28,2490,345.0,948,361,6.4913,<1H OCEAN,368674.06
-117.09,32.58,12,2565,567.0,1785,545,3.0273,NEAR OCEAN,128445.0
-118.33,34.18,45,1552,315.0,785,316,3.7411,<1H OCEAN,233666.01
-121.44,38.53,37,1951,432.0,1089,411,2.3272,INLAND,87071.0
-119.7,34.43,35,1402,369.0,654,385,2.6205,<1H OCEAN,319633.09
-117.15,34.22,10,1039,174.0,317,109,7.2371,INLAND,243241.0
-118.37,33.87,18,2516,485.0,1128,433,5.0114,<1H OCEAN,333839.0
-118.01,33.85,29,3061,612.0,2396,640,4.6326,<1H OCEAN,201447.0
-122.32,37.94,47,1911,283.0,697,275,6.2712,NEAR BAY,339602.06
-117.96,33.94,34,2228,399.0,1159,378,4.8906,<1H OCEAN,210184.0
-117.96,34.14,33,1994,405.0,993,403,3.766,INLAND,167091.0
-117.55,34.0,17,3583,700.0,1587,719,2.6979,INLAND,113551.0
-122.28,37.86,41,2214,550.0,1213,568,2.2845,NEAR BAY,167335.0
-117.43,34.07,18,2453,537.0,1503,500,2.3768,INLAND,110559.0
-117.21,33.34,10,5294,817.0,2312,810,5.4563,<1H OCEAN,313099.05
-120.68,37.47,33,1028,226.0,658,197,2.3043,INLAND,105550.0
-122.83,38.96,15,1318,296.0,567,276,1.8692,INLAND,85474.0
-122.22,37.37,26,440,202.0,322,218,5.1831,NEAR OCEAN,392826.25
-116.87,32.75,15,2053,321.0,993,309,5.5164,<1H OCEAN,194872.0
-118.39,33.79,30,4402,563.0,1582,551,10.898,NEAR OCEAN,500001.0
-117.13,32.74,46,3355,768.0,1457,708,2.6604,NEAR OCEAN,170453.0
-122.45,37.74,38,5688,930.0,2263,908,6.203,NEAR BAY,414688.18
-122.47,38.29,14,3732,846.0,1277,775,2.5658,NEAR BAY,190353.0
-122.54,37.95,38,2310,400.0,971,386,5.697,NEAR BAY,385884.03
-123.1,38.79,20,3109,712.0,1643,638,2.8344,<1H OCEAN,141895.0
-117.07,32.56,9,3648,895.0,3293,840,3.0992,NEAR OCEAN,158488.0
-118.43,34.08,46,778,90.0,238,93,15.0001,<1H OCEAN,480092.76
-122.05,36.97,16,3363,611.0,1603,556,4.2542,NEAR OCEAN,277991.02
-122.25,37.49,43,2607,477.0,1225,461,4.224,NEAR OCEAN,348390.01
-117.87,34.14,30,2495,586.0,1139,559,2.9375,INLAND,169824.0
-118.2,34.05,42,1703,586.0,2490,581,2.02,<1H OCEAN,142406.0
-121.32,37.94,36,40,10.0,64,14,2.625,INLAND,158338.14
-120.96,38.66,11,2339,436.0,1062,380,3.9036,INLAND,157437.0
-120.43,34.96,24,2739,414.0,1171,413,4.8155,<1H OCEAN,208425.0
-122.28,37.9,52,2003,250.0,658,244,10.0825,NEAR BAY,496040.96
-122.0,37.08,17,4154,739.0,2149,693,5.5919,NEAR OCEAN,297820.0
-118.34,33.87,34,1069,217.0,601,212,4.6406,<1H OCEAN,283604.0
-118.52,34.21,36,1328,287.0,823,273,4.5648,<1H OCEAN,204954.0
-118.22,34.09,42,1706,488.0,1941,447,2.5213,<1H OCEAN,150402.0
-118.27,34.1,51,3149,519.0,1082,510,6.4459,<1H OCEAN,466194.47
-117.58,34.02,4,5998,1092.0,3182,1042,5.2692,INLAND,178055.0
-118.22,34.08,31,394,117.0,573,131,1.8173,<1H OCEAN,146447.01
-121.78,36.93,21,2794,662.0,2236,565,2.4053,<1H OCEAN,163161.0
-117.36,33.18,39,1546,291.0,833,308,2.8893,NEAR OCEAN,243445.01
-119.01,35.36,24,1941,484.0,1277,435,1.056,INLAND,56646.0
-117.81,34.11,21,3481,808.0,1866,746,3.6201,INLAND,169775.0
-118.1,34.02,33,1143,172.0,508,174,4.9107,<1H OCEAN,201109.0
-117.03,32.96,16,3424,698.0,1940,645,4.121,<1H OCEAN,175832.0
-122.23,39.75,16,2026,396.0,1031,382,1.9375,INLAND,83614.0
-121.96,37.1,20,922,155.0,361,135,6.3617,<1H OCEAN,315972.0
-121.06,39.04,15,1999,287.0,585,246,5.5161,INLAND,201626.0
-118.1,34.09,46,2822,525.0,1434,520,3.8906,<1H OCEAN,240019.0
-118.32,33.95,44,2131,360.0,1040,330,5.0912,<1H OCEAN,229211.0
-122.21,37.44,35,1140,193.0,486,199,4.6908,NEAR OCEAN,331499.16
-118.19,34.1,39,2054,423.0,1205,403,4.239,<1H OCEAN,216930.0
-122.38,40.09,16,2077,388.0,1155,389,3.1361,INLAND,107396.0
-117.3,33.06,31,2128,520.0,1049,485,4.027,NEAR OCEAN,331377.15
-122.13,37.71,44,1421,298.0,609,270,3.5781,NEAR BAY,192493.0
-118.29,33.98,44,2261,555.0,1348,455,1.9125,<1H OCEAN,107001.0
-121.53,39.52,30,1030,161.0,448,159,2.4821,INLAND,70582.0
-120.47,34.65,16,2549,428.0,1486,432,4.2875,NEAR OCEAN,178647.0
-118.3,34.0,52,1718,354.0,1026,312,2.0,<1H OCEAN,114790.0
-118.22,33.8,33,1984,477.0,1764,440,3.875,NEAR OCEAN,173131.0
-118.27,33.97,39,2569,688.0,2601,630,2.0754,<1H OCEAN,112821.0
-118.34,34.06,52,1311,310.0,707,290,3.4812,<1H OCEAN,392273.07
-119.21,34.18,13,6103,1319.0,2986,1212,3.9718,NEAR OCEAN,259858.08
-117.83,33.81,24,3550,895.0,2828,834,2.8403,<1H OCEAN,175250.0
-118.85,34.18,11,5873,1455.0,3089,1365,3.5504,<1H OCEAN,233095.01
-118.37,36.19,10,443,111.0,48,21,3.125,INLAND,85986.0
-121.85,37.39,15,8748,1547.0,4784,1524,5.8322,<1H OCEAN,272424.0
-118.37,33.85,25,5622,998.0,2537,1009,5.785,<1H OCEAN,331430.02
-118.96,35.37,32,1025,259.0,874,236,1.9612,INLAND,59908.0
-120.64,35.65,9,3466,673.0,2356,619,2.9926,<1H OCEAN,167353.0
-118.41,34.19,42,779,145.0,450,148,3.9792,<1H OCEAN,209970.0
-122.53,37.95,22,7446,1979.0,2980,1888,3.5838,NEAR BAY,280094.03
-117.33,34.15,28,1473,333.0,1196,312,1.6993,INLAND,73451.0
-117.23,33.57,6,13724,2269.0,5860,1986,3.9617,<1H OCEAN,174653.0
-120.44,37.28,12,2855,598.0,1658,586,2.3929,INLAND,97551.0
-117.2,33.7,23,6323,1196.0,1984,1124,2.3276,<1H OCEAN,134769.0
-121.34,38.64,12,2772,578.0,1335,565,3.8068,INLAND,140906.0
-117.28,34.12,36,2991,822.0,2378,751,1.3571,INLAND,73253.0
-119.48,36.5,32,3451,625.0,1968,574,2.9554,INLAND,76877.0
-122.04,37.04,17,4977,994.0,1987,947,3.8854,NEAR OCEAN,270351.02
-118.45,34.03,39,1657,402.0,931,363,3.7813,<1H OCEAN,400245.32
-117.47,33.92,18,3869,773.0,2500,726,3.6583,INLAND,124298.0
-121.94,37.75,16,5121,735.0,2464,761,6.6204,<1H OCEAN,311167.0
-117.28,34.51,10,4676,884.0,2845,812,3.0181,INLAND,99554.0
-120.95,35.44,30,6346,1410.0,1769,887,2.6864,NEAR OCEAN,237376.0
-117.9,33.97,23,7353,1255.0,4014,1124,5.4155,<1H OCEAN,266761.0
-120.77,38.38,15,4221,816.0,1737,743,2.3125,INLAND,114919.0
-116.93,32.8,19,1867,538.0,1219,468,2.0685,<1H OCEAN,126368.0
-118.13,33.81,34,1903,343.0,928,349,5.395,<1H OCEAN,253152.0
-117.4,33.95,46,2189,423.0,866,389,3.1384,INLAND,123368.0
-122.07,37.96,34,1692,290.0,836,289,5.0172,NEAR BAY,214186.01
-123.71,39.88,42,1518,383.0,656,303,1.4952,NEAR OCEAN,96018.0
-122.72,38.58,4,7042,1100.0,2936,1043,5.0555,<1H OCEAN,226117.01
-117.77,33.72,9,2153,316.0,954,324,7.8139,<1H OCEAN,348085.01
-117.93,34.07,34,1409,305.0,819,273,3.3977,<1H OCEAN,190689.0
-118.41,34.07,52,1202,142.0,408,138,15.0001,<1H OCEAN,499831.99
-120.07,36.97,28,1563,403.0,1564,408,1.5662,INLAND,52936.0
-119.27,36.05,29,1016,174.0,481,140,2.2917,INLAND,65143.0
-120.82,37.05,15,1385,288.0,775,255,1.933,INLAND,88797.0
-121.43,38.54,42,3321,688.0,1346,658,2.4618,INLAND,105270.0
-120.44,34.96,30,1685,315.0,1290,368,3.4722,<1H OCEAN,153410.0
-120.35,37.95,13,2104,407.0,960,401,2.4,INLAND,111005.0
-118.17,33.95,23,1991,584.0,1380,535,1.9107,<1H OCEAN,156169.0
-121.57,39.5,31,2023,469.0,1073,436,1.5714,INLAND,57049.0
-117.82,33.88,18,1982,300.0,1027,324,7.0526,<1H OCEAN,285732.0
-121.9,37.44,4,1646,408.0,853,410,5.0821,<1H OCEAN,238464.0
-121.45,38.54,38,1865,384.0,1052,354,1.7891,INLAND,68112.0
-119.81,36.83,19,6789,1200.0,2325,1109,4.049,INLAND,116162.0
-118.36,33.8,34,2629,369.0,966,375,10.1241,NEAR OCEAN,498570.98
-117.68,33.59,8,2327,263.0,899,236,14.9009,<1H OCEAN,487890.47
-118.04,33.88,17,4807,838.0,3059,853,5.7619,<1H OCEAN,280279.0
-118.43,34.01,41,1527,279.0,746,285,6.4232,<1H OCEAN,436705.31
-122.71,38.5,15,5645,830.0,2324,769,6.6104,<1H OCEAN,322395.01
-121.83,36.6,30,2748,502.0,1491,535,4.3472,<1H OCEAN,230170.01
-120.82,35.31,16,3924,699.0,1325,638,2.5172,NEAR OCEAN,212302.0
-120.06,36.95,24,646,134.0,454,149,2.125,INLAND,72563.99
-122.14,37.68,31,3184,716.0,1561,628,2.7955,NEAR BAY,169545.0
-116.46,33.78,25,1137,414.0,604,240,1.3801,INLAND,81167.0
-121.09,38.19,23,762,140.0,358,141,2.4545,INLAND,121500.0
-121.32,38.57,15,3369,499.0,1733,470,5.31,INLAND,179288.0
-120.99,37.66,30,1718,395.0,914,400,1.933,INLAND,89807.0
-122.22,37.79,37,2343,574.0,1608,523,2.1494,NEAR BAY,127039.0
-122.47,37.78,52,2169,522.0,1220,505,3.1989,NEAR BAY,426350.04
-117.91,33.61,40,2790,531.0,952,424,4.8,<1H OCEAN,436685.53
-121.53,39.06,20,561,109.0,308,114,3.3021,INLAND,116360.0
-117.04,32.83,8,2205,348.0,777,341,6.0266,<1H OCEAN,284214.04
-118.13,34.11,52,2568,345.0,1102,345,9.1373,<1H OCEAN,485879.77
-122.32,38.06,4,7999,1611.0,3596,1396,5.0969,NEAR BAY,198651.0
-121.73,37.68,17,20354,3493.0,8768,3293,5.4496,INLAND,225919.0
-118.98,35.4,36,1864,331.0,1052,325,3.4205,INLAND,84163.0
-121.9,37.25,28,2714,502.0,1389,490,5.7385,<1H OCEAN,300529.01
-121.3,38.69,13,2135,429.0,779,432,3.6995,INLAND,127097.0
-115.64,32.75,19,377,69.0,198,55,1.625,INLAND,71343.0
-117.89,33.76,34,1050,210.0,723,201,4.8,<1H OCEAN,192505.0
-118.36,33.92,46,1231,231.0,793,256,4.1023,<1H OCEAN,210831.0
-117.06,32.58,11,2879,679.0,2098,673,3.5125,NEAR OCEAN,134958.0
-115.49,32.67,25,2322,573.0,2185,602,1.375,INLAND,69791.0
-117.31,34.09,34,1336,345.0,1009,311,1.608,INLAND,71484.0
-121.03,39.21,28,2843,535.0,1310,525,3.2337,INLAND,160751.0
-117.05,32.72,35,1777,369.0,1158,353,3.4107,NEAR OCEAN,130420.0
-117.95,33.92,18,2825,660.0,1590,643,3.6106,<1H OCEAN,183824.0
-119.01,35.31,19,7092,1517.0,4101,1436,2.1006,INLAND,73619.0
-119.17,34.27,18,8010,1539.0,3982,1483,4.0905,NEAR OCEAN,231525.02
-118.07,34.14,42,3200,685.0,1668,628,3.375,INLAND,240306.0
-122.23,38.1,46,4143,895.0,2240,847,2.4201,NEAR BAY,120585.0
-117.75,34.06,52,62,9.0,44,16,0.4999,INLAND,314645.32
-118.27,33.81,42,865,208.0,811,218,3.8621,<1H OCEAN,174263.0
-121.32,38.0,21,1795,482.0,1114,472,2.0091,INLAND,96932.0
-118.99,36.06,19,2153,458.0,1317,386,1.7564,INLAND,58468.0
-122.37,40.54,28,2213,390.0,1096,378,3.6923,INLAND,106792.0
-120.39,37.98,52,1056,274.0,584,255,2.1513,INLAND,105391.0
-118.33,34.11,48,1601,464.0,784,461,3.0642,<1H OCEAN,301834.05
-118.08,33.89,37,1152,259.0,981,225,3.2857,<1H OCEAN,158507.0
-117.25,33.36,6,3725,960.0,2833,915,2.3214,<1H OCEAN,151679.01
-119.15,36.29,18,1435,,657,254,2.4281,INLAND,76441.0
-117.63,33.94,36,447,95.0,2886,85,4.2578,INLAND,174810.08
-118.55,34.19,18,5862,,3161,1280,3.1106,<1H OCEAN,213134.01
-117.89,33.71,16,1591,225.0,926,239,6.2452,<1H OCEAN,261439.0
-117.69,33.66,5,4246,689.0,1933,722,6.9501,<1H OCEAN,311239.01
-118.35,33.88,25,1459,362.0,1150,354,3.35,<1H OCEAN,246884.0
-118.09,34.16,45,2199,358.0,942,353,5.0393,INLAND,347028.0
-121.05,39.11,7,2767,423.0,1143,382,3.6333,INLAND,170152.0
-118.21,34.1,40,1684,316.0,795,330,5.2723,<1H OCEAN,326145.01
-119.04,36.07,17,2623,659.0,1912,618,1.5893,INLAND,61255.0
-117.3,34.15,33,1607,282.0,608,260,4.3438,INLAND,136365.0
-117.75,34.06,44,477,135.0,502,117,2.0156,INLAND,100254.0
-114.61,33.62,16,1187,261.0,1115,242,2.1759,INLAND,63314.0
-117.61,34.13,21,8416,1386.0,4308,1341,4.4611,INLAND,178626.0
-118.11,34.05,23,3436,565.0,1729,529,5.9941,<1H OCEAN,291615.0
-118.95,35.26,24,1341,214.0,667,184,4.0,INLAND,99404.0
-118.35,33.9,25,3309,902.0,2299,837,3.0417,<1H OCEAN,216897.0
-122.89,38.93,20,1214,247.0,504,223,2.7188,<1H OCEAN,176207.0
-121.89,36.6,40,626,164.0,337,150,2.7917,<1H OCEAN,215989.0
-118.31,34.26,34,1797,363.0,948,363,4.1339,<1H OCEAN,239529.01
-122.01,37.25,31,1574,193.0,551,191,10.2311,<1H OCEAN,498941.98
-118.37,34.04,43,888,170.0,514,161,3.1827,<1H OCEAN,262931.02
-117.19,32.76,52,1294,175.0,434,180,5.7914,NEAR OCEAN,345766.12
-119.71,36.8,17,2056,366.0,1259,367,3.9338,INLAND,90956.0
-117.28,34.68,28,1932,421.0,1156,404,1.8958,INLAND,81236.0
-120.84,35.32,15,2419,538.0,1279,522,3.4762,NEAR OCEAN,222437.0
-118.13,34.02,43,396,91.0,261,73,2.9044,<1H OCEAN,181107.0
-117.02,33.6,7,1972,352.0,964,317,3.244,INLAND,137483.0
-116.97,32.76,33,3071,466.0,1348,513,6.1768,<1H OCEAN,337550.02
-117.71,33.61,26,3046,726.0,888,663,2.6848,<1H OCEAN,121370.0
-121.58,39.79,19,2636,523.0,1184,465,2.7863,INLAND,99192.0
-118.24,34.15,19,4852,1465.0,3171,1332,2.5924,<1H OCEAN,221399.0
-122.68,38.44,29,2796,588.0,1346,562,2.9107,<1H OCEAN,178099.0
-118.14,33.84,43,2107,439.0,876,429,3.2024,<1H OCEAN,216671.0
-117.88,34.1,32,3357,621.0,1696,604,4.2685,<1H OCEAN,188103.0
-117.67,33.44,25,2994,519.0,903,410,6.6852,<1H OCEAN,309147.06
-120.47,34.64,16,1912,406.0,1009,417,3.4063,NEAR OCEAN,192536.0
-122.22,37.47,23,7740,1943.0,4124,1743,3.3268,NEAR OCEAN,314241.17
-122.25,37.86,52,1709,318.0,719,295,5.0463,NEAR BAY,308647.03
-118.11,34.06,30,1547,436.0,1700,410,2.5488,<1H OCEAN,178287.0
-122.2,39.52,39,2551,482.0,1181,437,2.0625,INLAND,66614.0
-119.9,36.58,20,1935,363.0,1319,359,2.4814,INLAND,70441.0
-118.26,33.79,42,1162,264.0,1044,241,3.5488,<1H OCEAN,167190.0
-122.51,37.53,17,1574,262.0,672,241,7.2929,NEAR OCEAN,379647.2
-118.37,33.93,46,442,88.0,255,94,4.4474,<1H OCEAN,235936.0
-118.31,33.99,48,2235,433.0,1363,433,1.6559,<1H OCEAN,112598.0
-117.94,33.65,15,2016,443.0,1015,419,5.2732,<1H OCEAN,254696.02
-118.46,34.0,44,941,230.0,493,206,3.6458,<1H OCEAN,346344.04
-122.33,37.95,46,1543,339.0,777,322,4.0927,NEAR BAY,146892.0
-117.67,34.05,6,2833,628.0,1717,589,3.2062,INLAND,131571.0
-118.05,33.94,34,495,120.0,527,130,1.9453,<1H OCEAN,142978.0
-118.27,33.89,32,1969,397.0,1349,370,4.4659,<1H OCEAN,175960.0
-117.16,33.57,2,20391,3245.0,7132,2716,3.9443,<1H OCEAN,196696.0
-118.46,34.03,27,1965,631.0,1042,596,2.75,<1H OCEAN,342050.02
-122.44,37.77,52,5604,1268.0,2023,1196,4.4085,NEAR BAY,449341.44
-122.03,37.6,24,2077,383.0,1488,389,4.5721,NEAR BAY,207439.0
-117.96,34.71,32,3511,646.0,1733,510,3.46,INLAND,98135.0
-117.83,34.01,16,9446,1650.0,4911,1534,5.0111,<1H OCEAN,249073.0
-118.62,34.2,29,2421,402.0,1120,388,5.0309,<1H OCEAN,241019.01
-121.45,38.62,37,1534,315.0,1147,322,2.5643,INLAND,88071.0
-122.48,37.71,39,3615,632.0,1571,615,5.1149,NEAR OCEAN,338567.04
-123.22,39.15,45,1348,265.0,639,270,3.3667,<1H OCEAN,126626.0
-122.11,37.39,36,1660,261.0,655,249,6.3967,NEAR BAY,395601.1
-117.71,33.47,17,2681,454.0,830,410,5.5507,<1H OCEAN,270511.02
-118.07,33.87,18,3405,556.0,1945,509,5.7652,<1H OCEAN,288216.0
-122.11,37.66,29,2544,643.0,2332,603,3.2091,NEAR BAY,188653.0
-117.93,34.04,30,1336,239.0,905,253,4.8854,<1H OCEAN,179147.0
-122.03,37.39,34,2600,650.0,1994,650,4.0223,<1H OCEAN,245860.0
-118.35,33.9,31,1547,,956,287,3.4698,<1H OCEAN,233424.0
-117.13,32.72,9,2436,720.0,1780,653,1.8299,NEAR OCEAN,131723.0
-121.66,36.82,17,3921,654.0,1895,641,5.0092,<1H OCEAN,255372.0
-118.13,34.05,35,3229,616.0,1879,595,3.9531,<1H OCEAN,249677.0
-118.28,34.05,41,1788,774.0,2931,702,1.4413,<1H OCEAN,187216.0
-118.17,34.1,25,4444,647.0,1922,652,8.058,<1H OCEAN,460619.52
-121.33,37.97,36,1953,492.0,999,371,2.0043,INLAND,81175.0
-117.23,32.74,16,1953,404.0,798,385,4.8167,NEAR OCEAN,237438.0
-121.29,38.6,29,1276,225.0,600,223,4.0938,INLAND,152194.0
-117.95,34.04,36,1044,200.0,982,205,4.7679,<1H OCEAN,166423.0
-121.83,36.61,26,3723,789.0,2563,747,3.4531,<1H OCEAN,210236.01
-119.21,34.26,26,2406,411.0,1313,391,4.9079,NEAR OCEAN,236728.01
-118.29,33.91,28,1501,446.0,1028,418,2.3043,<1H OCEAN,140213.0
-118.74,34.26,27,3467,545.0,1798,493,4.8717,<1H OCEAN,224164.0
-118.2,33.96,44,2144,477.0,1760,452,2.3221,<1H OCEAN,154790.0
-117.93,33.65,29,1253,375.0,1198,362,3.5179,<1H OCEAN,256650.03
-124.09,40.88,31,1982,495.0,1052,467,1.5326,NEAR OCEAN,72667.0
-121.39,38.56,19,8507,1470.0,3517,1453,4.3644,INLAND,155056.0
-117.33,34.13,30,2335,363.0,1214,311,2.2449,INLAND,81406.0
-118.75,34.33,27,534,85.0,243,77,8.2787,<1H OCEAN,452232.64
-118.1,33.93,36,1124,217.0,707,234,4.375,<1H OCEAN,175870.0
-118.49,34.25,33,2088,383.0,960,362,4.3333,<1H OCEAN,247593.01
-117.69,34.06,29,873,226.0,649,198,2.7986,INLAND,131836.0
-117.06,32.57,18,1384,311.0,1429,287,1.3362,NEAR OCEAN,109579.0
-118.46,34.29,24,3668,890.0,3151,810,3.0526,<1H OCEAN,180486.0
-121.74,38.55,33,6861,1820.0,3717,1767,1.7311,INLAND,111669.0
-116.89,33.73,15,2094,316.0,937,277,5.3623,INLAND,169817.0
-121.89,37.25,26,1741,323.0,1007,339,4.7069,<1H OCEAN,243109.0
-122.15,37.72,31,1616,372.0,739,379,2.9097,NEAR BAY,172481.0
-119.29,34.26,32,3295,764.0,1344,600,3.6007,NEAR OCEAN,261900.0
-118.19,33.89,38,4018,986.0,3702,927,2.9293,<1H OCEAN,147562.0
-117.66,34.06,24,4043,952.0,2174,859,2.2244,INLAND,133934.0
-118.06,33.8,20,1379,333.0,937,304,3.6217,<1H OCEAN,203211.0
-118.0,33.95,35,1431,210.0,505,213,6.8109,<1H OCEAN,365364.16
-117.95,33.84,18,3418,815.0,1961,773,3.65,<1H OCEAN,188367.0
-117.88,33.9,21,3180,434.0,1413,391,6.5945,<1H OCEAN,314908.07
-118.12,34.11,48,2124,319.0,785,319,5.2131,<1H OCEAN,335221.02
-120.99,37.69,25,2773,384.0,1060,381,6.4788,INLAND,263770.01
-118.37,33.91,41,1869,427.0,1334,435,3.9355,<1H OCEAN,255996.0
-121.74,36.47,28,1973,343.0,970,349,4.25,<1H OCEAN,242471.02
-122.19,37.48,35,7067,1646.0,5380,1597,4.1776,NEAR BAY,374121.36
-116.95,32.78,20,3425,448.0,1489,443,6.2552,<1H OCEAN,286120.0
-117.8,33.76,27,2655,345.0,1017,335,6.9014,<1H OCEAN,353630.03
-115.54,32.79,23,1712,403.0,1370,377,1.275,INLAND,58174.0
-118.43,34.17,35,2922,507.0,1130,485,5.451,<1H OCEAN,378043.18
-120.69,35.49,16,2666,450.0,1203,429,4.1375,<1H OCEAN,217948.01
-118.32,33.94,37,2740,504.0,1468,479,4.5368,<1H OCEAN,189160.0
-121.18,37.96,35,411,74.0,193,59,2.5625,INLAND,133438.0
-121.33,37.96,42,1619,340.0,906,339,2.5488,INLAND,80664.0
-119.95,36.96,18,1996,379.0,1327,356,2.6087,INLAND,74713.0
-118.47,34.0,42,1271,301.0,574,312,3.1304,<1H OCEAN,376468.11
-124.09,40.88,26,2683,555.0,1353,526,2.4321,NEAR OCEAN,89592.0
-117.19,33.64,12,1481,265.0,757,243,3.235,<1H OCEAN,177139.03
-120.64,40.41,50,1741,424.0,987,383,1.5066,INLAND,64356.0
-119.72,34.42,52,1759,387.0,980,402,4.0125,NEAR OCEAN,285708.0
-115.49,32.69,17,1960,389.0,1691,356,1.899,INLAND,74450.0
-118.1,34.11,49,3367,523.0,1317,495,6.706,<1H OCEAN,434716.45
-122.82,38.39,32,1437,257.0,752,245,4.7422,<1H OCEAN,259009.0
-118.34,34.12,41,3257,679.0,1237,638,4.2415,<1H OCEAN,471479.6
-118.29,34.0,44,1753,387.0,1165,380,2.1354,<1H OCEAN,115161.0
-121.44,38.73,25,1287,224.0,727,236,4.7396,INLAND,165112.0
-117.22,32.83,31,3958,727.0,1924,728,5.4605,NEAR OCEAN,265083.04
-122.63,38.26,7,7808,1390.0,3551,1392,4.6069,<1H OCEAN,224847.0
-118.17,34.18,38,1280,231.0,828,237,4.375,<1H OCEAN,215825.0
-124.17,40.79,43,2285,479.0,1169,482,1.9688,NEAR OCEAN,82948.0
-118.37,34.15,29,2630,617.0,1071,573,3.3669,<1H OCEAN,363426.07
-118.93,34.82,24,806,168.0,323,136,3.5,INLAND,116552.0
-122.24,37.47,35,2283,491.0,1148,436,4.5556,NEAR OCEAN,345149.01
-122.26,37.85,50,1120,283.0,697,264,2.125,NEAR BAY,144250.0
-118.04,33.99,36,3531,754.0,1613,697,3.2359,<1H OCEAN,192416.0
-117.92,33.92,19,2181,400.0,1272,337,5.1952,<1H OCEAN,246803.0
-116.51,33.89,21,1284,306.0,537,233,1.95,INLAND,88047.99
-117.94,33.84,25,4016,831.0,2166,774,3.1884,<1H OCEAN,193760.0
-122.07,38.24,15,7937,1635.0,4390,1567,3.5464,INLAND,157729.0
-118.25,33.93,42,657,147.0,526,132,2.5,<1H OCEAN,102724.0
-118.86,34.22,26,1932,280.0,886,289,5.0855,<1H OCEAN,254834.05
-121.47,38.72,26,1708,299.0,911,290,4.0227,INLAND,108299.0
-118.2,33.92,36,414,104.0,477,130,3.6719,<1H OCEAN,130461.0
-122.13,37.7,21,4124,1054.0,2162,998,2.6321,NEAR BAY,173530.0
-122.01,37.27,28,3825,473.0,1415,480,10.675,<1H OCEAN,500001.0
-124.08,40.94,18,1550,345.0,941,335,2.3147,NEAR OCEAN,94744.0
-118.31,34.26,36,1882,453.0,1005,409,3.8,<1H OCEAN,224886.01
-117.29,33.2,16,2150,461.0,1428,407,2.4754,NEAR OCEAN,153275.0
-117.72,33.54,13,4866,812.0,1909,733,4.9821,<1H OCEAN,256631.05
-118.46,34.25,33,2202,433.0,1135,407,4.2143,<1H OCEAN,211897.0
-120.73,39.63,17,1791,356.0,432,190,3.8826,INLAND,126207.0
-122.54,38.36,40,2725,531.0,1167,458,3.7969,<1H OCEAN,197808.0
-122.91,39.17,44,202,42.0,142,39,4.35,INLAND,178032.0
-117.27,34.16,32,2894,427.0,1151,446,6.2236,INLAND,266219.05
-118.23,33.93,36,501,123.0,487,118,1.3,<1H OCEAN,102327.0
-117.34,34.13,29,331,85.0,341,107,0.7069,INLAND,92060.0
-118.13,33.79,29,2937,524.0,1132,528,4.6133,NEAR OCEAN,319907.15
-120.47,34.63,23,2441,463.0,1392,434,3.7917,NEAR OCEAN,175542.0
-119.32,36.2,25,1427,246.0,772,221,2.2262,INLAND,72132.0
-118.4,34.03,24,1101,318.0,491,287,3.2222,<1H OCEAN,337906.04
-122.99,39.02,14,1582,301.0,851,273,3.45,<1H OCEAN,130743.0
-117.99,33.72,14,2127,537.0,1338,475,3.628,<1H OCEAN,194934.0
-117.13,32.76,29,2568,682.0,1191,642,2.1094,NEAR OCEAN,140221.0
-117.23,34.51,9,5756,807.0,2158,758,5.5875,INLAND,200962.0
-122.44,37.75,52,2082,425.0,801,411,4.2708,NEAR BAY,353878.02
-121.02,37.68,28,2875,560.0,1608,558,3.5489,INLAND,118595.0
-117.97,33.71,26,2553,405.0,1337,411,5.3737,<1H OCEAN,247395.0
-119.3,34.42,18,5591,1042.0,2860,1026,3.5822,NEAR OCEAN,276765.08
-117.87,33.84,10,3381,729.0,1584,636,5.3812,<1H OCEAN,272236.01
-122.4,37.71,47,1649,328.0,1183,356,3.3625,NEAR BAY,225631.0
-120.98,37.66,33,1959,342.0,984,356,4.5208,INLAND,155124.0
-117.61,34.34,18,5210,912.0,1301,464,4.8623,INLAND,177682.0
-121.81,37.99,18,2807,445.0,1315,437,4.8194,INLAND,146669.0
-122.67,38.44,29,2551,448.0,1165,456,4.3587,<1H OCEAN,245229.0
-118.3,34.07,36,2657,738.0,2274,723,3.425,<1H OCEAN,293257.0
-119.71,36.81,19,2282,550.0,1034,500,1.6618,INLAND,76744.0
-121.88,37.34,44,1267,353.0,1018,327,2.4196,<1H OCEAN,186319.0
-116.93,32.81,18,2447,466.0,1573,472,2.6429,<1H OCEAN,147672.0
-121.01,37.33,17,1926,410.0,1054,321,1.6214,INLAND,107269.0
-123.2,39.13,26,1474,417.0,1065,401,1.375,<1H OCEAN,115191.0
-116.87,32.72,13,3268,491.0,1431,503,5.7652,<1H OCEAN,249564.0
-122.48,37.51,22,1564,278.0,761,270,4.7578,NEAR OCEAN,390265.04
-118.44,34.25,35,1583,324.0,1481,351,3.7,<1H OCEAN,158238.0
-120.33,34.87,24,2590,404.0,1093,338,3.9375,<1H OCEAN,214773.02
-118.34,33.91,8,3937,1404.0,2691,1142,2.4741,<1H OCEAN,194943.02
-118.68,34.08,18,102,17.0,55,21,3.9934,NEAR OCEAN,357715.18
-118.46,34.05,25,4077,1151.0,1719,1017,3.7721,<1H OCEAN,411845.22
-116.95,33.76,10,6890,1702.0,3141,1451,1.7079,INLAND,92182.0
-121.22,37.79,36,1052,221.0,712,212,1.7228,INLAND,91704.0
-118.15,34.04,44,647,142.0,457,143,3.6875,<1H OCEAN,204931.0
-117.7,33.6,26,2283,506.0,634,469,2.3774,<1H OCEAN,116855.0
-118.1,34.16,46,2863,513.0,1412,498,5.3272,INLAND,350509.0
-121.48,38.61,18,1511,315.0,1062,304,2.3438,INLAND,105431.0
-121.7,37.93,10,3258,612.0,1779,558,4.6587,INLAND,204256.0
-122.28,37.82,52,1387,341.0,1074,304,1.2171,NEAR BAY,105789.01
-121.8,38.0,34,2738,475.0,1316,459,3.5368,INLAND,125637.0
-121.92,37.25,36,3874,656.0,1826,639,4.9662,<1H OCEAN,263188.03
-122.41,37.79,52,5783,2747.0,4518,2538,1.724,NEAR BAY,298411.11
-121.58,37.03,16,3120,685.0,2383,681,3.5551,INLAND,217301.0
-118.35,34.07,45,7803,2154.0,3359,2041,3.3594,<1H OCEAN,343620.17
-122.53,37.5,19,4768,807.0,2199,805,6.1896,NEAR OCEAN,390636.13
-117.64,34.09,34,2839,659.0,1822,631,3.05,INLAND,122487.0
-118.3,34.06,33,2437,1283.0,3906,1084,2.0332,<1H OCEAN,244914.01
-117.09,32.71,29,2238,523.0,2061,504,2.5559,NEAR OCEAN,111424.0
-117.9,33.63,28,2370,352.0,832,347,7.1148,<1H OCEAN,425933.35
-122.45,37.72,52,1729,319.0,890,300,4.3036,NEAR BAY,257820.0
-118.52,34.21,34,1663,299.0,762,282,5.1265,<1H OCEAN,248151.0
-121.02,37.62,30,1721,399.0,1878,382,2.5363,INLAND,91093.0
-118.29,34.03,27,1084,287.0,1085,279,2.135,<1H OCEAN,159116.0
-121.16,41.78,42,2918,576.0,1182,440,2.1434,INLAND,60249.0
-118.13,33.93,19,1793,447.0,1222,452,2.6862,<1H OCEAN,173725.0
-117.92,33.94,27,4566,620.0,2045,664,5.583,<1H OCEAN,265082.0
-121.03,37.68,20,3204,625.0,2016,605,2.6567,INLAND,122416.0
-118.42,34.01,42,1700,438.0,997,436,2.9213,<1H OCEAN,358478.06
-117.27,33.06,7,3686,733.0,1612,672,3.197,NEAR OCEAN,189018.0
-121.64,36.68,16,6568,1603.0,6012,1565,2.3463,<1H OCEAN,144426.01
-119.65,36.37,4,3725,783.0,1478,600,3.5486,INLAND,97777.0
-117.31,34.51,18,2704,698.0,1611,597,2.0243,INLAND,91216.0
-117.99,33.66,14,3155,653.0,951,575,3.0625,<1H OCEAN,199862.0
-118.09,33.92,31,1983,419.0,1157,390,3.5455,<1H OCEAN,182423.0
-121.02,36.24,12,2198,507.0,1971,502,2.6801,<1H OCEAN,147117.0
-118.07,33.9,42,1007,224.0,776,228,3.8672,<1H OCEAN,170492.0
-122.27,37.84,52,2436,541.0,1015,478,1.725,NEAR BAY,153199.0
-122.25,37.5,44,348,79.0,154,73,4.7708,NEAR OCEAN,309227.0
-118.42,34.15,31,1861,430.0,736,360,5.2853,<1H OCEAN,418885.24
-121.08,37.69,19,6473,1212.0,3559,1123,3.2246,INLAND,148486.0
-122.32,40.57,15,2524,449.0,1374,467,3.3816,INLAND,114822.0
-122.45,37.69,17,2359,501.0,884,504,3.0625,NEAR OCEAN,247475.0
-122.68,38.4,32,2826,627.0,1767,628,3.1047,<1H OCEAN,171235.0
-118.25,34.12,11,1281,418.0,1584,330,2.8889,<1H OCEAN,199056.0
-120.46,34.64,11,562,164.0,504,147,2.0161,NEAR OCEAN,147693.01
-118.28,34.02,46,1098,426.0,1510,374,2.1382,<1H OCEAN,123150.0
-117.34,33.16,24,1006,277.0,610,246,2.25,NEAR OCEAN,190769.01
-120.97,37.84,28,2368,430.0,1231,403,2.883,INLAND,116812.0
-117.25,32.79,37,1467,442.0,651,354,2.375,NEAR OCEAN,253869.0
-121.64,36.72,17,4203,816.0,2900,827,4.1742,<1H OCEAN,216094.0
-118.47,34.25,21,2692,477.0,1330,456,4.5417,<1H OCEAN,240987.02
-117.14,32.72,43,1073,344.0,660,279,2.0529,NEAR OCEAN,144344.0
-118.15,34.02,43,2172,605.0,2386,597,2.8239,<1H OCEAN,167026.0
-117.29,33.13,4,617,105.0,224,105,3.9205,NEAR OCEAN,211517.1
-117.96,33.78,33,1520,,658,242,4.875,<1H OCEAN,218721.0
-122.81,38.08,19,1615,366.0,815,337,3.4609,NEAR OCEAN,230568.0
-117.78,33.85,16,3781,504.0,1665,499,7.2554,<1H OCEAN,310109.0
-117.89,34.1,34,2048,411.0,1456,416,3.125,<1H OCEAN,167639.0
-122.16,37.74,46,1029,181.0,567,211,3.4844,NEAR BAY,148912.0
-122.12,37.16,32,1602,317.0,752,275,5.1664,NEAR OCEAN,343921.12
-118.09,33.98,37,1226,255.0,1068,271,3.1607,<1H OCEAN,159469.0
-118.18,33.98,30,1735,573.0,2237,545,2.3444,<1H OCEAN,156920.0
-117.91,34.06,29,3250,521.0,1382,513,5.112,<1H OCEAN,232386.0
-117.68,34.15,24,1033,189.0,486,204,4.1719,INLAND,168822.0
-118.3,34.05,34,1453,588.0,1987,589,2.096,<1H OCEAN,182002.0
-121.88,37.43,17,3469,896.0,2762,808,3.3884,<1H OCEAN,215532.0
-122.48,37.76,52,3260,653.0,1594,632,4.4094,NEAR BAY,351392.08
-119.8,36.72,19,1334,336.0,1171,319,1.0481,INLAND,54147.99
-123.22,39.16,29,6121,1222.0,3595,1189,2.631,<1H OCEAN,129736.0
-119.17,34.17,21,2361,464.0,1146,396,3.6597,NEAR OCEAN,215593.01
-120.32,38.71,13,1115,255.0,86,32,3.5667,INLAND,141246.0
-119.64,36.56,34,576,117.0,363,97,2.0658,INLAND,67841.99
-117.84,35.54,11,1751,316.0,765,296,5.0762,INLAND,121869.0
-122.1,38.24,13,7367,1042.0,3193,983,5.3102,NEAR BAY,208990.0
-122.27,37.32,37,2607,534.0,1346,507,5.3951,NEAR OCEAN,375215.04
-118.1,33.89,35,994,203.0,602,185,3.5865,<1H OCEAN,181260.0
-117.02,32.75,33,3296,537.0,1345,556,5.2835,<1H OCEAN,192635.0
-117.32,34.12,37,2868,574.0,2055,563,2.3508,INLAND,79862.0
-121.42,38.62,41,1087,272.0,462,219,2.0224,INLAND,94767.0
-118.15,34.11,39,2618,582.0,1314,532,3.5875,<1H OCEAN,273331.01
-118.14,33.91,34,2011,472.0,1087,423,3.0465,<1H OCEAN,206555.0
-122.37,37.58,43,2506,432.0,967,428,4.7404,NEAR OCEAN,398575.06
-117.13,32.9,15,2785,644.0,1798,630,3.7156,<1H OCEAN,154496.0
-120.25,37.11,20,2062,466.0,1285,456,1.5319,INLAND,70574.0
-117.27,32.85,26,1373,,608,268,4.425,NEAR OCEAN,306205.13
-118.32,34.19,37,1335,249.0,485,240,4.1731,<1H OCEAN,251780.04
-118.3,33.78,35,2572,504.0,1172,519,4.6207,<1H OCEAN,280431.01
-121.2,38.73,11,4897,636.0,1931,616,7.7499,INLAND,267918.0
-121.9,36.61,29,3412,827.0,1574,759,2.9309,NEAR OCEAN,233146.0
-117.14,32.92,15,3242,595.0,1936,593,4.9706,<1H OCEAN,203580.0
-118.36,34.16,32,2455,556.0,989,493,4.0764,<1H OCEAN,344806.1
-117.89,33.92,17,2936,555.0,1381,535,5.4617,<1H OCEAN,279227.0
-121.48,38.56,50,1587,448.0,877,380,2.0833,INLAND,94405.0
-119.05,35.36,16,4507,1049.0,2261,959,3.3261,INLAND,88611.0
-120.85,37.49,42,264,72.0,310,70,1.4063,INLAND,78871.0
-118.34,34.08,52,1721,195.0,688,196,15.0001,<1H OCEAN,499543.99
-118.1,34.13,44,1745,237.0,693,248,9.7912,<1H OCEAN,493088.91
-117.22,33.19,16,3004,656.0,1948,606,2.7019,<1H OCEAN,156654.0
-118.46,34.26,33,1358,247.0,738,235,5.0947,<1H OCEAN,223667.0
-118.36,33.8,38,2553,400.0,1042,393,6.9742,NEAR OCEAN,451868.53
-117.08,32.78,21,2919,496.0,984,443,4.625,NEAR OCEAN,215134.01
-116.44,34.12,18,5584,1303.0,2250,1158,1.5823,INLAND,76302.0
-117.68,33.51,4,2428,401.0,959,386,6.2661,<1H OCEAN,318006.01
-118.45,34.04,19,3330,1010.0,1837,915,3.0173,<1H OCEAN,335389.06
-119.34,35.6,33,2143,488.0,1732,509,1.9362,INLAND,58120.0
-121.86,37.42,20,5032,808.0,2695,801,6.6227,<1H OCEAN,301328.01
-119.98,38.93,25,1262,293.0,534,226,2.6607,INLAND,109660.0
-121.83,39.74,34,3263,604.0,1290,594,2.575,INLAND,82688.0
-118.31,33.96,43,2118,569.0,1266,500,1.747,<1H OCEAN,118308.0
-119.84,36.79,21,3235,648.0,1820,614,3.3447,INLAND,92607.0
-117.93,33.66,18,2043,250.0,702,246,9.6062,<1H OCEAN,466391.57
-119.81,36.78,35,1012,245.0,633,240,2.0324,INLAND,61919.0
-121.31,38.97,16,1210,228.0,726,222,2.7083,INLAND,115984.0
-122.13,37.74,41,4400,666.0,1476,648,5.0,NEAR BAY,281695.03
-120.2,34.63,14,2647,515.0,1487,488,4.4519,NEAR OCEAN,255972.0
-117.12,32.75,20,1406,413.0,850,412,2.3261,NEAR OCEAN,140378.0
-121.2,38.28,20,1732,307.0,999,305,3.9808,INLAND,149333.0
-118.46,34.18,27,2582,719.0,2038,718,3.0877,<1H OCEAN,222146.0
-117.77,33.84,5,4380,715.0,1913,741,6.7274,<1H OCEAN,300215.01
-117.06,33.02,17,2635,389.0,994,359,5.8966,<1H OCEAN,276173.01
-118.1,34.05,31,3559,734.0,2975,715,3.756,<1H OCEAN,195035.0
-117.95,33.8,34,1654,285.0,905,292,4.6389,<1H OCEAN,212319.0
-118.21,33.81,43,905,199.0,764,204,3.3214,NEAR OCEAN,166429.0
-122.26,37.85,52,2643,626.0,1212,620,1.9167,NEAR BAY,188324.01
-118.05,34.02,31,40,8.0,25,7,2.125,<1H OCEAN,193941.04
-118.52,34.18,46,2082,438.0,1047,393,3.6534,<1H OCEAN,228160.0
-120.74,39.39,18,453,117.0,152,77,1.3523,INLAND,92809.0
-118.13,33.91,36,1967,316.0,910,306,4.4948,<1H OCEAN,218668.0
-124.1,40.88,35,2987,578.0,1581,585,2.0657,NEAR OCEAN,80322.0
-116.52,33.85,13,7559,1444.0,3189,1105,3.4886,INLAND,144852.0
-121.96,38.36,11,3208,790.0,1772,694,2.7434,INLAND,131236.0
-122.27,37.84,52,1688,337.0,853,325,2.1806,NEAR BAY,147338.0
-121.49,39.49,20,2505,468.0,1174,429,2.9965,INLAND,98818.0
-121.3,37.94,40,452,109.0,412,97,1.3417,INLAND,62526.0
-117.62,33.42,23,2656,515.0,998,435,4.0294,NEAR OCEAN,271730.03
-119.63,36.6,33,1589,294.0,1102,307,1.9676,INLAND,61215.0
-118.31,33.99,47,1525,359.0,982,333,2.0915,<1H OCEAN,107812.0
-116.99,32.74,18,3341,611.0,1952,602,3.9844,<1H OCEAN,169680.0
-117.05,33.13,20,7746,2035.0,5370,1838,2.3762,<1H OCEAN,141148.0
-117.98,33.75,37,1264,274.0,783,273,3.3438,<1H OCEAN,182806.0
-118.35,33.8,32,1434,296.0,672,285,4.875,<1H OCEAN,338093.0
-122.02,37.38,43,1261,317.0,836,333,4.0911,<1H OCEAN,241704.0
-117.09,32.79,36,1936,345.0,861,343,3.8333,NEAR OCEAN,166408.0
-117.98,33.95,35,4055,652.0,1758,639,6.1898,<1H OCEAN,362285.16
-119.73,34.43,35,2703,654.0,1383,631,4.5278,NEAR OCEAN,318369.04
-121.44,38.49,31,4297,788.0,2083,771,3.3878,INLAND,107974.0
-118.2,33.87,26,703,202.0,757,212,2.525,<1H OCEAN,153508.0
-118.14,33.76,37,3242,698.0,1080,629,3.901,NEAR OCEAN,432898.37
-122.34,41.06,33,2149,498.0,631,273,1.8816,INLAND,68827.0
-116.89,32.85,15,3560,593.0,1757,574,5.1185,<1H OCEAN,190347.0
-117.97,33.68,26,3653,568.0,1930,585,5.7301,<1H OCEAN,256071.0
-122.1,37.36,32,1433,199.0,498,201,9.3586,NEAR BAY,498353.94
-123.25,38.54,27,3658,764.0,1278,518,3.3536,NEAR OCEAN,222145.0
-116.94,32.75,4,14934,2479.0,6945,2418,5.1221,<1H OCEAN,229562.0
-117.71,33.63,16,2497,500.0,1357,456,4.5909,<1H OCEAN,222443.0
-117.97,33.82,26,4013,985.0,2442,922,3.7655,<1H OCEAN,194710.0
-122.18,37.77,51,2107,471.0,1173,438,3.2552,NEAR BAY,178604.0
-118.06,33.86,16,5603,938.0,3045,893,5.0778,<1H OCEAN,256496.0
-120.46,37.33,4,786,116.0,368,109,6.3215,INLAND,232676.0
-122.27,37.98,23,3455,479.0,1375,474,6.0289,NEAR BAY,290634.04
-118.15,34.59,33,2111,429.0,1067,397,3.7344,INLAND,130686.0
-122.14,37.41,35,2419,426.0,949,433,6.4588,NEAR BAY,405637.07
-122.19,37.77,42,932,254.0,900,263,1.8039,NEAR BAY,88030.0
-118.27,34.1,41,3729,740.0,1364,707,5.7778,<1H OCEAN,372070.23
-119.69,36.46,29,1702,301.0,914,280,2.8125,INLAND,77037.0
-118.5,34.26,33,2831,510.0,1340,504,4.8316,<1H OCEAN,238269.0
-121.83,37.28,17,3057,606.0,2030,602,5.2166,<1H OCEAN,259843.0
-121.52,39.12,37,102,17.0,29,14,4.125,INLAND,119184.0
-122.41,37.63,37,1252,275.0,878,287,4.2262,NEAR OCEAN,265895.0
-120.88,38.58,8,3417,604.0,1703,623,4.0827,INLAND,158125.0
-118.25,34.14,37,584,260.0,552,235,1.8235,<1H OCEAN,211902.01
-122.28,37.75,20,1156,365.0,583,326,3.1972,NEAR BAY,245306.05
-116.52,32.9,18,4454,852.0,1754,656,4.57,INLAND,186751.0
-117.91,33.78,33,2729,549.0,2223,535,4.0362,<1H OCEAN,192930.0
-118.37,34.09,24,630,172.0,257,147,5.5224,<1H OCEAN,356637.18
-118.23,34.1,46,2483,587.0,2121,553,2.2788,<1H OCEAN,159465.0
-122.41,37.79,52,3610,1286.0,1504,1047,3.2059,NEAR BAY,445570.58
-122.08,37.3,30,2268,404.0,1197,372,7.0813,<1H OCEAN,431083.42
-121.3,38.13,27,1004,192.0,470,192,2.8942,INLAND,114620.0
-119.63,36.58,22,1794,435.0,1127,359,1.2647,INLAND,56654.0
-120.61,35.1,14,2919,691.0,1896,577,2.4003,<1H OCEAN,150732.0
-117.13,33.89,4,1611,239.0,275,84,3.5781,INLAND,155223.0
-119.79,36.72,19,1719,391.0,1369,368,1.25,INLAND,57875.0
-118.21,34.18,14,2672,335.0,1113,318,12.1579,<1H OCEAN,496584.94
-120.93,37.67,6,3491,657.0,2075,644,3.3844,INLAND,131708.0
-120.0,36.7,33,1902,370.0,1168,358,2.6852,INLAND,72226.0
-122.44,37.8,52,3830,,1310,963,3.4801,NEAR BAY,462952.59
-118.35,33.97,26,1725,431.0,1130,404,3.2708,<1H OCEAN,224847.0
-119.33,36.89,15,1879,411.0,755,294,2.0,INLAND,81023.0
-117.95,33.92,11,3127,706.0,1594,694,4.3426,<1H OCEAN,201839.0
-118.35,33.89,25,1769,440.0,1371,414,3.0833,<1H OCEAN,232748.0
-122.42,37.75,52,2112,528.0,1227,513,3.5536,NEAR BAY,307640.0
-121.96,37.71,6,8072,1050.0,3386,1062,7.2494,<1H OCEAN,339578.01
-121.06,37.67,31,906,146.0,383,129,3.4167,INLAND,147559.0
-118.05,34.11,42,3677,627.0,1779,622,5.1509,INLAND,390962.0
-117.81,33.64,4,1741,225.0,811,233,12.3411,<1H OCEAN,478852.31
-122.37,37.58,52,1900,290.0,665,276,4.5486,NEAR OCEAN,414099.14
-122.1,39.47,43,1320,215.0,512,197,2.4917,INLAND,74617.0
-117.69,33.51,4,1223,275.0,505,244,4.6607,<1H OCEAN,314242.26
-118.25,34.07,47,2059,618.0,2033,544,1.9028,<1H OCEAN,183622.0
-117.1,34.57,6,5110,1044.0,1938,724,3.1917,INLAND,121674.0
-120.64,35.15,7,7922,1442.0,2863,1197,4.849,<1H OCEAN,273088.01
-122.12,37.44,33,1509,303.0,748,268,4.875,NEAR BAY,291903.2
-118.39,34.03,19,1450,509.0,746,437,3.1415,<1H OCEAN,315052.05
-123.41,40.07,17,449,151.0,141,53,0.8362,INLAND,61743.0
-117.39,34.07,26,1387,277.0,664,239,3.0278,INLAND,111969.0
-116.48,33.79,14,9425,2020.0,1711,1000,2.6298,INLAND,124062.0
-121.63,36.71,19,5015,1013.0,3251,940,3.9818,<1H OCEAN,222415.0
-118.33,34.1,30,5293,2446.0,4123,2127,1.51,<1H OCEAN,253289.07
-118.49,34.18,31,3073,674.0,1486,684,4.8984,<1H OCEAN,270750.0
-122.49,38.22,33,1486,290.0,781,274,3.5647,NEAR BAY,251403.01
-118.14,34.13,16,3569,821.0,1505,783,4.9167,<1H OCEAN,329809.11
-118.14,33.97,31,2064,612.0,2461,573,2.0524,<1H OCEAN,165310.0
-117.13,32.75,50,1476,354.0,698,354,3.0,NEAR OCEAN,197010.02
-118.44,34.28,46,11,11.0,24,13,2.875,<1H OCEAN,258553.11
-118.16,33.97,30,2419,715.0,3208,719,2.1743,<1H OCEAN,165201.0
-117.47,34.06,33,1379,273.0,884,229,2.7574,INLAND,103810.0
-118.43,34.24,36,1379,265.0,896,246,4.6827,<1H OCEAN,198084.02
-120.93,39.9,20,1511,328.0,791,320,2.0221,INLAND,80372.0
-120.97,37.61,16,1326,375.0,884,375,1.871,INLAND,125136.0
-123.01,38.79,32,2697,529.0,1417,535,3.2546,<1H OCEAN,160219.0
-120.6,34.91,44,711,140.0,384,116,2.1094,NEAR OCEAN,154563.0
-122.69,38.44,31,1808,315.0,691,280,3.8583,<1H OCEAN,178204.0
-117.33,33.97,8,152,19.0,1275,20,1.625,INLAND,137381.02
-120.38,36.15,17,2279,448.0,1200,420,2.7461,INLAND,72969.0
-117.05,32.76,46,1887,359.0,795,358,3.25,NEAR OCEAN,161732.0
-118.03,34.1,32,2668,609.0,1512,541,2.9422,INLAND,194440.0
-124.14,41.06,32,1020,215.0,421,198,3.0208,NEAR OCEAN,93769.0
-118.22,34.14,52,1388,271.0,735,239,3.7404,<1H OCEAN,267615.0
-118.31,33.72,26,2711,508.0,1372,459,4.1451,NEAR OCEAN,320567.0
-120.71,38.85,8,1877,479.0,884,323,3.4688,INLAND,136422.0
-120.98,39.08,20,4570,906.0,2125,815,3.0403,INLAND,130625.0
-117.78,34.07,18,3610,772.0,2899,765,3.9784,INLAND,154912.0
-118.27,34.06,30,1771,788.0,2188,764,1.5885,<1H OCEAN,205955.01
-118.32,34.01,50,1842,377.0,817,341,3.1548,<1H OCEAN,149709.0
-122.39,38.0,33,44,6.0,23,11,4.125,NEAR BAY,256564.03
-117.9,33.66,4,456,91.0,623,84,6.6369,<1H OCEAN,286669.01
-117.24,32.83,18,3109,501.0,949,368,7.4351,NEAR OCEAN,365244.03
-121.94,38.27,35,10869,2226.0,9879,2152,2.5681,INLAND,112781.0
-117.15,33.7,2,6305,1265.0,2489,1152,3.1319,INLAND,146158.0
-118.53,34.18,16,7194,1976.0,3687,1894,3.1887,<1H OCEAN,215136.0
-117.99,33.7,25,2017,357.0,1063,369,4.0345,<1H OCEAN,218102.0
-122.43,37.77,52,2714,779.0,1438,733,3.6031,NEAR BAY,414698.15
-122.21,37.47,33,1266,415.0,1991,334,2.92,NEAR OCEAN,212414.0
-119.43,36.55,27,1621,323.0,882,324,2.75,INLAND,80601.0
-118.09,34.17,36,2875,552.0,1131,458,4.3083,INLAND,302556.0
-121.4,38.49,12,7290,1283.0,3960,1248,3.5968,INLAND,123903.0
-117.04,32.64,5,2329,542.0,1213,514,4.0298,NEAR OCEAN,145121.0
-119.69,36.25,35,2011,349.0,970,300,2.395,INLAND,76453.0
-119.8,36.74,25,1717,542.0,1343,471,0.799,INLAND,64139.0
-118.36,34.13,36,6871,1180.0,2216,1130,8.0499,<1H OCEAN,496118.91
-118.23,34.14,39,277,89.0,182,91,2.3958,<1H OCEAN,188264.05
-117.95,33.81,33,1724,291.0,943,285,5.118,<1H OCEAN,224118.0
-119.19,34.28,28,3231,524.0,1665,540,4.8583,NEAR OCEAN,245938.01
-121.83,37.34,21,6404,1232.0,6047,1235,4.2098,<1H OCEAN,225935.02
-121.93,38.31,25,185,32.0,85,32,4.875,INLAND,135014.0
-119.7,36.3,10,956,201.0,693,220,2.2895,INLAND,69957.0
-122.22,37.85,28,5287,1048.0,2031,956,5.457,NEAR BAY,336001.01
-118.36,34.04,48,1769,429.0,993,405,2.3214,<1H OCEAN,172352.01
-122.41,37.79,52,6016,2509.0,3436,2119,2.5166,NEAR BAY,301283.1
-122.71,37.9,23,1250,257.0,437,188,3.115,NEAR OCEAN,381422.05
-120.65,35.27,15,2365,538.0,1446,490,2.5129,NEAR OCEAN,204448.0
-118.36,33.89,40,756,122.0,371,130,5.0299,<1H OCEAN,235283.01
-116.12,33.53,17,2421,820.0,2971,685,1.654,INLAND,68750.0
-121.0,37.66,43,2369,413.0,944,422,3.2632,INLAND,129733.0
-122.46,37.74,51,1905,291.0,707,284,6.2561,NEAR BAY,429037.33
-121.24,37.94,5,2232,488.0,1857,435,2.8705,INLAND,118292.0
-121.49,38.55,51,4280,632.0,1486,621,5.0359,INLAND,216850.0
-122.41,37.8,52,1999,642.0,1846,620,1.9145,NEAR BAY,252277.04
-118.11,33.83,37,1249,202.0,517,189,4.4196,<1H OCEAN,222990.0
-118.18,33.77,41,2048,601.0,852,533,2.5726,NEAR OCEAN,205506.0
-118.28,34.03,40,2118,796.0,2195,658,1.7976,<1H OCEAN,154363.0
-117.32,34.09,30,1129,251.0,1034,237,2.3917,INLAND,86654.0
-117.32,33.23,24,2580,604.0,982,569,1.6402,NEAR OCEAN,182776.04
-117.65,33.6,13,2319,430.0,1004,380,5.133,<1H OCEAN,256938.03
-120.7,35.55,10,3979,761.0,1834,671,3.5,<1H OCEAN,201377.0
-116.89,33.92,10,2653,621.0,1967,598,2.6643,INLAND,96103.0
-122.49,37.54,15,3456,545.0,1527,535,6.3256,NEAR OCEAN,410881.18
-119.3,38.26,19,3325,660.0,750,286,2.9509,INLAND,125437.0
-121.11,38.04,32,1083,188.0,471,178,2.9241,INLAND,112476.0
-117.87,33.61,25,2267,359.0,866,348,7.79,<1H OCEAN,349841.11
-118.28,34.04,19,460,241.0,890,229,1.6089,<1H OCEAN,174326.01
-117.78,33.69,16,4702,806.0,2529,814,5.1299,<1H OCEAN,237939.0
-118.85,35.2,17,2783,678.0,2566,641,1.9907,INLAND,58854.0
-121.55,38.51,22,2403,431.0,1088,421,3.9,INLAND,153836.0
-118.08,34.11,42,2628,525.0,1494,523,3.9464,<1H OCEAN,245399.01
-121.35,38.6,27,4314,611.0,1662,575,5.0997,INLAND,184420.0
-122.33,37.58,28,2784,736.0,1534,685,3.38,NEAR OCEAN,323419.0
-117.88,33.77,31,2549,355.0,1044,362,6.9737,<1H OCEAN,351325.02
-119.84,36.75,34,1186,300.0,774,271,1.575,INLAND,54917.0
-118.29,33.96,32,3508,917.0,2794,839,1.554,<1H OCEAN,118264.0
-117.87,33.88,24,2655,702.0,1519,708,3.3036,<1H OCEAN,206211.0
-118.21,34.65,17,4001,814.0,2313,756,3.0441,INLAND,109552.0
-118.11,34.01,22,1141,332.0,1189,321,2.2042,<1H OCEAN,158113.0
-122.19,37.75,36,1126,263.0,482,150,1.9167,NEAR BAY,86410.0
-118.39,34.21,14,2807,868.0,2729,803,2.6667,<1H OCEAN,182372.0
-116.61,33.04,11,2522,538.0,616,269,3.875,INLAND,162238.02
-118.15,35.06,15,1069,296.0,569,263,2.0441,INLAND,71413.99
-118.49,34.21,25,1131,449.0,746,420,1.3565,<1H OCEAN,201577.01
-117.7,33.63,16,4428,745.0,1525,682,5.2325,<1H OCEAN,239729.05
-117.29,33.24,5,3109,634.0,1823,578,3.1875,<1H OCEAN,159967.03
-121.34,37.96,27,1839,442.0,2010,416,2.1284,INLAND,71113.0
-117.01,32.99,8,3372,430.0,1536,448,8.4284,<1H OCEAN,396415.07
-117.69,34.07,35,3222,559.0,1970,550,3.7083,INLAND,137687.0
-122.07,37.64,25,4524,860.0,2426,862,4.7083,NEAR BAY,224833.0
-122.12,37.7,17,2488,617.0,1287,538,2.9922,NEAR BAY,182497.0
-120.81,37.53,15,570,123.0,189,107,1.875,INLAND,107568.0
-122.45,37.81,52,1375,322.0,287,184,3.9028,NEAR BAY,492465.78
-117.21,32.86,26,1352,202.0,654,217,5.3693,NEAR OCEAN,290454.03
-117.79,33.68,10,2106,319.0,1002,332,8.735,<1H OCEAN,358254.04
-121.81,37.31,14,2731,578.0,1109,551,3.1382,<1H OCEAN,196124.0
-118.17,33.98,41,428,111.0,585,139,3.1786,<1H OCEAN,142016.0
-122.29,37.89,52,2248,422.0,870,377,3.4732,NEAR BAY,218912.0
-118.22,33.98,34,2225,753.0,2980,736,1.6685,<1H OCEAN,151679.0
-118.3,34.09,29,3245,1190.0,3906,1102,2.1927,<1H OCEAN,228184.0
-118.15,34.2,52,1786,306.0,1018,322,4.1518,INLAND,236164.0
-117.23,32.72,38,2827,581.0,972,558,3.2361,NEAR OCEAN,319190.08
-117.55,33.87,18,8136,1584.0,4976,1516,3.9414,INLAND,172798.0
-117.69,34.01,30,2598,573.0,2170,518,2.3,INLAND,119547.0
-121.91,36.62,52,1431,300.0,657,293,3.2865,<1H OCEAN,266538.03
-123.22,40.16,27,1848,449.0,396,150,2.8472,INLAND,87718.0
-118.14,34.04,43,1949,464.0,1216,457,3.3214,<1H OCEAN,211474.0
-119.74,36.75,47,2236,418.0,1042,397,2.9545,INLAND,75767.0
-118.18,34.05,38,3272,731.0,3299,726,2.8295,<1H OCEAN,149313.0
-122.13,37.68,45,2457,445.0,1129,422,4.0588,NEAR BAY,200827.0
-118.23,34.66,25,2627,387.0,1059,338,3.6382,INLAND,128687.0
-118.33,33.9,21,6603,1984.0,5546,1745,2.6091,<1H OCEAN,195217.0
-122.34,37.95,44,1675,317.0,806,311,3.0694,NEAR BAY,125816.0
-118.19,34.03,50,1183,246.0,851,231,3.2639,<1H OCEAN,156169.0
-118.38,33.87,23,2387,418.0,1008,415,5.8518,<1H OCEAN,337781.07
-122.48,37.64,7,120,21.0,50,27,12.5,NEAR OCEAN,284740.05
-122.41,37.79,52,2909,851.0,1711,830,3.0296,NEAR BAY,340831.1
-122.22,38.1,44,2256,451.0,1057,426,3.1204,NEAR BAY,128996.0
-121.83,37.95,17,1133,244.0,716,235,2.875,INLAND,131638.0
-117.71,33.51,12,4676,698.0,1543,598,6.379,<1H OCEAN,323115.02
-117.23,33.1,4,1862,291.0,685,248,7.745,NEAR OCEAN,374658.14
-121.25,38.67,14,6155,1034.0,2407,941,4.2262,INLAND,172070.0
-117.8,33.67,4,3345,552.0,1525,539,6.7962,<1H OCEAN,289778.0
-122.0,39.94,27,852,176.0,464,148,1.7125,INLAND,73735.0
-120.3,38.9,11,1961,435.0,113,53,0.9227,INLAND,132858.02
-121.91,37.31,16,2962,898.0,1555,795,2.5804,<1H OCEAN,187988.0
-117.07,32.69,28,1485,275.0,820,283,4.069,NEAR OCEAN,132510.0
-117.0,32.8,29,2045,398.0,912,368,3.0189,<1H OCEAN,166874.0
-121.32,37.67,21,1494,271.0,781,255,4.3015,INLAND,196276.0
-119.23,34.44,34,3193,664.0,1434,627,2.4777,<1H OCEAN,219910.0
-122.43,37.77,52,2514,729.0,1428,597,2.3977,NEAR BAY,312568.05
-122.02,37.31,35,2355,384.0,1248,378,5.9714,<1H OCEAN,324064.0
-121.38,36.84,6,3769,669.0,2061,648,4.1875,INLAND,273076.0
-117.28,34.12,47,2456,611.0,1653,512,1.3973,INLAND,74357.0
-117.08,33.04,10,2577,347.0,1193,365,6.53,<1H OCEAN,287118.0
-120.65,38.42,23,1538,305.0,730,267,2.6078,INLAND,115192.0
-121.33,38.68,13,5826,1411.0,2244,1219,1.9093,INLAND,116102.0
-117.97,33.75,32,1564,270.0,973,290,3.75,<1H OCEAN,188972.0
-121.44,37.75,16,2229,458.0,1199,445,3.4821,INLAND,134536.0
-121.51,38.26,52,910,212.0,429,212,1.6458,INLAND,109838.0
-122.29,37.81,20,835,161.0,290,133,2.483,NEAR BAY,118376.02
-122.08,37.65,17,5018,1439.0,3069,1299,2.7694,NEAR BAY,169407.0
-122.49,37.78,47,2695,643.0,1505,644,3.0877,NEAR BAY,349968.01
-120.42,38.42,18,2912,663.0,999,411,2.7344,INLAND,116311.0
-118.13,34.16,52,1872,357.0,984,364,4.0,<1H OCEAN,251492.0
-117.01,34.9,36,2181,555.0,1404,492,2.3077,INLAND,57701.97
-117.24,32.74,43,2216,375.0,918,388,5.5289,NEAR OCEAN,403462.37
-118.15,33.84,29,2448,354.0,894,349,7.6526,<1H OCEAN,391889.13
-118.01,33.94,36,1921,329.0,969,327,4.9191,<1H OCEAN,219129.0
-118.36,33.94,38,2169,688.0,3036,639,2.3125,<1H OCEAN,168537.0
-118.19,33.99,36,1273,379.0,1398,353,2.4516,<1H OCEAN,151232.0
-121.9,37.31,52,2125,431.0,1014,443,5.8186,<1H OCEAN,415355.19
-118.43,34.29,38,1237,298.0,1073,293,3.6726,<1H OCEAN,165413.0
-121.08,38.93,14,4239,824.0,1729,794,2.4278,INLAND,143388.0
-122.48,38.9,10,304,63.0,161,61,2.1964,INLAND,102821.99
-122.18,37.91,31,7200,876.0,2428,843,10.9405,NEAR BAY,495988.96
-121.42,38.6,23,3713,1078.0,2194,1018,1.7451,INLAND,94411.0
-117.17,32.72,44,626,256.0,572,229,1.5909,NEAR OCEAN,152545.0
-117.88,33.7,18,2135,373.0,1464,405,5.4836,<1H OCEAN,245604.0
-120.97,37.73,19,3725,543.0,1412,463,5.7476,INLAND,215467.0
-121.63,39.15,16,1547,418.0,940,400,1.5613,INLAND,87678.0
-120.27,37.12,42,1142,236.0,597,210,1.7279,INLAND,73969.0
-121.96,37.43,18,2514,578.0,2205,545,3.3859,<1H OCEAN,218162.0
-118.32,34.17,45,3448,690.0,1562,643,4.0648,<1H OCEAN,276134.02
-117.95,33.78,26,4115,883.0,2184,825,3.9536,<1H OCEAN,201945.0
-121.87,37.3,14,360,124.0,134,84,2.7411,<1H OCEAN,257413.13
-117.23,34.11,22,1162,221.0,995,244,2.5875,INLAND,101556.0
-117.96,33.85,36,1951,365.0,1254,358,4.8438,<1H OCEAN,190594.0
-122.42,37.79,52,2737,1241.0,1761,1029,1.8068,NEAR BAY,347402.12
-120.08,39.23,19,1746,306.0,251,104,4.8182,INLAND,174949.0
-118.25,34.02,50,180,89.0,356,76,2.1944,<1H OCEAN,99683.0
-119.33,36.19,27,418,163.0,332,141,1.0714,INLAND,60039.99
-120.56,35.07,14,6788,1216.0,2866,1036,3.3603,<1H OCEAN,210552.0
-117.1,32.58,17,2046,559.0,1585,530,2.25,NEAR OCEAN,125374.0
-118.2,34.13,30,3369,824.0,2032,795,4.0052,<1H OCEAN,273312.06
-117.22,32.81,24,730,196.0,335,203,3.5078,NEAR OCEAN,204516.03
-118.41,34.0,18,1307,441.0,884,456,2.9338,<1H OCEAN,348403.11
-119.71,36.81,19,1648,368.0,557,354,1.7969,INLAND,91929.99
-118.44,34.06,28,3910,959.0,1763,867,5.5,<1H OCEAN,439529.64
-117.97,33.84,34,874,153.0,549,153,4.8667,<1H OCEAN,194122.0
-119.63,36.32,36,1518,287.0,749,255,2.2333,INLAND,76208.0
-118.53,34.04,45,1711,264.0,735,261,9.1078,<1H OCEAN,497200.96
-117.93,34.07,36,1207,209.0,683,213,5.3559,<1H OCEAN,223466.0
-117.31,34.08,40,2011,495.0,1528,469,1.9375,INLAND,77176.0
-122.44,37.7,6,3523,664.0,1705,608,4.9318,NEAR OCEAN,248124.0
-122.04,37.34,23,2590,725.0,1795,680,3.16,<1H OCEAN,256003.02
-121.26,38.65,17,2655,421.0,991,384,4.6484,INLAND,175921.0
-118.49,34.19,23,2087,571.0,1809,553,3.1667,<1H OCEAN,201014.0
-118.29,34.09,35,2198,998.0,3441,912,2.0467,<1H OCEAN,211634.0
-122.04,38.24,30,2081,456.0,1005,438,1.9954,INLAND,98301.0
-117.82,33.73,24,845,190.0,482,190,4.7039,<1H OCEAN,203023.0
-117.81,33.74,24,2696,649.0,1908,626,3.3047,<1H OCEAN,169450.0
-117.95,33.7,17,5781,924.0,2585,915,5.343,<1H OCEAN,277401.01
-123.82,40.12,33,2985,591.0,1221,486,2.087,<1H OCEAN,97645.0
-118.36,33.86,37,1249,218.0,583,214,5.7422,<1H OCEAN,362325.12
-118.77,34.28,27,1416,251.0,1024,268,5.1074,<1H OCEAN,213824.0
-122.29,37.86,52,1665,404.0,815,372,1.9946,NEAR BAY,158530.0
-120.18,36.59,25,948,198.0,613,171,2.3026,INLAND,73376.0
-118.02,34.09,24,2080,514.0,1976,478,2.6917,INLAND,174384.0
-117.96,33.82,29,2176,468.0,1632,428,3.707,<1H OCEAN,187624.0
-120.13,39.06,22,2465,539.0,381,146,2.875,INLAND,143959.0
-121.35,38.68,18,7923,1558.0,3789,1473,3.5403,INLAND,124299.0
-121.73,36.9,23,2392,721.0,3074,718,2.5195,<1H OCEAN,155492.0
-117.18,34.08,28,2243,399.0,1464,379,3.2105,INLAND,103246.0
-122.91,39.18,43,89,18.0,86,27,2.0208,INLAND,89659.92
-119.74,36.65,19,2546,463.0,1257,418,2.9013,INLAND,78869.0
-118.34,33.99,48,2225,433.0,1170,401,2.9643,<1H OCEAN,158840.01
-118.13,34.2,45,1213,206.0,529,231,5.6629,INLAND,288075.02
-117.17,32.83,24,3541,530.0,1591,530,5.3538,NEAR OCEAN,236697.0
-118.5,34.2,42,1558,322.0,884,334,2.2304,<1H OCEAN,191828.0
-117.97,33.72,24,2991,500.0,1437,453,5.4286,<1H OCEAN,263811.0
-118.39,34.08,27,6605,1710.0,2665,1520,3.8088,<1H OCEAN,385541.25
-119.71,36.83,5,1087,338.0,623,362,1.8061,INLAND,97381.0
-117.89,33.88,27,2091,336.0,1037,332,5.7519,<1H OCEAN,255553.0
-117.19,33.14,12,3652,923.0,1677,728,2.3267,<1H OCEAN,139328.0
-114.62,33.62,26,18,3.0,5,3,0.536,INLAND,121671.01
-122.25,37.8,29,2468,864.0,1335,773,1.3929,NEAR BAY,201473.03
-118.25,33.97,32,879,257.0,1057,230,1.6776,<1H OCEAN,104173.0
-122.14,37.72,45,1397,253.0,555,248,2.983,NEAR BAY,185557.0
-117.97,34.17,35,5005,848.0,2112,813,4.9968,INLAND,282745.01
-122.55,38.42,24,2220,411.0,894,365,4.2891,<1H OCEAN,252134.01
-118.22,34.52,7,4524,735.0,2298,717,6.5538,INLAND,243840.0
-118.23,34.13,34,609,149.0,407,145,4.5766,<1H OCEAN,222886.0
-117.13,32.72,43,2160,504.0,1221,452,2.4821,NEAR OCEAN,156520.0
-119.03,35.36,41,1944,363.0,977,388,3.9097,INLAND,96360.0
-122.41,37.8,52,3278,775.0,1279,709,5.4378,NEAR BAY,436137.47
-122.46,37.72,37,1833,388.0,1093,363,3.0703,NEAR OCEAN,255658.0
-118.07,33.93,5,906,187.0,1453,158,4.125,<1H OCEAN,164077.0
-121.82,37.28,33,2873,489.0,1946,475,5.0709,<1H OCEAN,240876.02
-121.9,36.58,31,1431,,704,393,3.1977,NEAR OCEAN,277850.0
-117.94,34.15,33,859,144.0,421,138,4.4821,INLAND,228288.01
-121.3,38.13,26,2256,360.0,937,372,5.0528,INLAND,164093.0
-118.36,34.06,39,2810,670.0,1109,624,3.25,<1H OCEAN,340239.11
-118.23,34.14,33,2865,864.0,2061,790,2.6268,<1H OCEAN,197594.0
-119.72,34.43,27,984,299.0,777,313,2.5694,<1H OCEAN,249067.0
-121.76,36.75,21,1141,257.0,671,195,3.8424,<1H OCEAN,228216.01
-117.09,32.74,23,3130,779.0,2472,744,2.32,NEAR OCEAN,114817.0
-118.19,34.04,39,1074,323.0,1613,308,2.3015,<1H OCEAN,145587.0
-118.36,33.89,34,760,174.0,723,198,5.3169,<1H OCEAN,285963.0
-118.09,33.96,20,1911,472.0,1407,465,2.7647,<1H OCEAN,167160.0
-119.9,37.49,13,2230,443.0,920,361,3.0,INLAND,112279.0
-117.49,33.64,3,8874,1302.0,3191,1027,6.8588,<1H OCEAN,304850.02
-121.36,38.01,16,926,230.0,451,198,4.0221,INLAND,132339.0
-117.35,34.16,36,1717,348.0,1054,279,2.4444,INLAND,91216.0
-118.35,33.8,19,6224,1105.0,3152,1076,5.9541,<1H OCEAN,331982.05
-117.2,32.84,34,3353,544.0,1583,571,4.55,NEAR OCEAN,226717.0
-118.46,34.32,10,5777,1112.0,2917,1056,4.1514,<1H OCEAN,222417.01
-121.6,37.13,14,9483,1361.0,4108,1281,7.5,<1H OCEAN,365896.02
-118.35,33.98,33,1884,477.0,1518,449,3.1194,<1H OCEAN,202213.0
-121.72,38.0,7,7957,1314.0,4460,1293,4.9618,INLAND,164057.0
-117.99,33.73,24,2104,421.0,1181,414,3.8365,<1H OCEAN,197064.0
-121.85,37.33,16,2987,874.0,4241,841,2.8024,<1H OCEAN,172399.0
-117.93,33.62,33,1890,416.0,859,329,4.5658,<1H OCEAN,397774.37
-120.02,36.8,25,1270,255.0,1050,245,2.1618,INLAND,66054.0
-122.38,37.58,52,1704,226.0,671,243,8.4704,NEAR OCEAN,488893.83
-117.84,33.74,22,6072,1802.0,4715,1666,3.1353,<1H OCEAN,174313.0
-117.98,33.77,7,2252,570.0,1576,550,3.6333,<1H OCEAN,162431.0
-122.59,37.97,46,4036,856.0,1872,833,4.5625,NEAR OCEAN,339166.03
-119.35,35.59,14,2719,502.0,1497,457,3.176,INLAND,84318.0
-121.24,39.22,14,983,163.0,399,161,2.2917,INLAND,112532.0
-117.96,34.08,28,2831,552.0,2330,557,3.9741,<1H OCEAN,184763.0
-117.7,33.64,15,5743,773.0,2380,773,8.1926,<1H OCEAN,370991.02
-117.65,34.04,28,2360,607.0,2623,592,2.5048,INLAND,116508.0
-121.9,38.02,5,1560,369.0,1037,372,3.6154,INLAND,144144.0
-118.07,33.99,41,1204,252.0,1002,248,3.0577,<1H OCEAN,167168.0
-118.28,33.99,49,2174,481.0,1861,484,1.7159,<1H OCEAN,102034.0
-117.89,33.83,35,2984,446.0,1435,455,5.6276,<1H OCEAN,251911.0
-119.35,36.42,18,1115,193.0,1742,176,2.7969,INLAND,73085.0
-122.3,37.55,35,3675,735.0,1930,715,3.9833,NEAR OCEAN,299822.0
-118.16,34.7,33,2918,494.0,1365,478,4.8787,INLAND,210603.0
-122.48,38.48,29,2278,397.0,765,322,4.6379,INLAND,283328.0
-119.73,36.52,20,1741,331.0,1466,289,2.5921,INLAND,68974.0
-122.25,37.53,16,4428,664.0,1677,623,7.6864,NEAR BAY,400464.07
-118.37,34.07,52,1084,247.0,468,255,3.4286,<1H OCEAN,404208.07
-118.04,33.85,24,2233,347.0,1162,355,5.6094,<1H OCEAN,260887.0
-116.95,32.74,7,2722,578.0,1429,574,3.9583,<1H OCEAN,167758.0
-122.58,38.1,22,11872,2300.0,5600,2200,4.6463,NEAR BAY,241897.0
-118.47,34.04,21,5041,1491.0,2719,1420,3.5335,<1H OCEAN,367779.19
-118.25,33.92,44,1137,235.0,747,225,2.0,<1H OCEAN,97244.0
-117.29,34.14,52,1683,266.0,646,256,4.0481,INLAND,139330.0
-119.49,37.1,24,2532,555.0,1564,507,2.3359,INLAND,86313.0
-122.7,38.45,26,2011,557.0,855,530,1.125,<1H OCEAN,165732.0
-121.9,37.44,12,4228,734.0,2594,732,6.6086,<1H OCEAN,315801.06
-117.27,34.24,34,3687,756.0,941,367,2.875,INLAND,101559.0
-121.27,38.12,44,2356,482.0,1043,443,2.4949,INLAND,94536.0
-119.72,34.42,31,1524,383.0,1257,398,2.6019,NEAR OCEAN,231730.0
-119.54,36.51,36,49,7.0,28,2,4.625,INLAND,141906.0
-118.41,33.97,44,2298,388.0,849,360,5.5941,<1H OCEAN,396326.2
-120.85,37.51,15,1131,285.0,728,281,1.5531,INLAND,110416.0
-122.42,37.75,52,1207,302.0,1008,269,3.3816,NEAR BAY,263875.01
-118.28,33.98,47,865,193.0,782,217,2.2411,<1H OCEAN,122735.0
-118.27,33.82,39,1357,249.0,763,229,4.25,<1H OCEAN,190198.0
-117.01,32.73,22,2526,530.0,1556,529,2.8646,NEAR OCEAN,136469.0
-122.25,37.8,52,2087,510.0,1197,488,3.0149,NEAR BAY,233658.01
-118.44,33.88,35,2020,451.0,724,399,6.6494,NEAR OCEAN,459150.37
-118.35,33.85,35,1248,206.0,551,185,5.6426,<1H OCEAN,317360.0
-122.35,37.96,35,1326,346.0,1023,295,2.0724,NEAR BAY,100006.0
-118.43,34.16,41,2050,478.0,850,490,3.4208,<1H OCEAN,353937.1
-118.3,33.93,29,2228,396.0,1140,352,3.7969,<1H OCEAN,169474.0
-121.28,38.53,18,224,38.0,95,41,3.1042,INLAND,143217.0
-117.27,33.0,36,2426,454.0,1085,420,5.1523,NEAR OCEAN,347346.21
-122.41,37.63,35,865,226.0,602,217,3.0,NEAR OCEAN,270005.05
-117.18,32.76,8,3694,997.0,1297,807,3.6492,NEAR OCEAN,223241.0
-118.45,33.99,45,1132,269.0,654,264,4.5673,<1H OCEAN,343536.01
-117.07,32.8,36,2028,349.0,820,352,3.9828,<1H OCEAN,166470.0
-121.34,38.59,22,3273,480.0,1151,463,8.05,INLAND,321331.0
-118.64,34.22,16,4312,574.0,1902,574,8.4438,<1H OCEAN,413703.06
-117.94,33.88,46,1747,312.0,770,296,5.4217,<1H OCEAN,273055.08
-121.98,37.27,25,3075,564.0,1633,543,5.2528,<1H OCEAN,276183.0
-117.02,32.73,22,5201,865.0,3280,817,4.7952,NEAR OCEAN,167751.0
-118.09,34.15,45,1345,356.0,749,327,2.8007,INLAND,223439.0
-122.52,37.89,17,4363,1041.0,1640,989,3.9531,NEAR BAY,354058.06
-117.24,34.14,6,2383,606.0,1301,488,3.016,INLAND,116763.0
-118.58,34.21,27,2209,353.0,1034,344,4.7125,<1H OCEAN,231637.0
-118.02,33.92,34,2169,418.0,1169,406,3.2222,<1H OCEAN,189915.0
-117.82,33.82,22,3173,372.0,1181,355,8.3637,<1H OCEAN,374787.02
-117.87,33.84,23,1678,369.0,912,347,4.5,<1H OCEAN,206209.0
-122.45,38.01,36,4501,832.0,2196,800,4.3182,NEAR BAY,290325.0
-117.69,36.13,25,1709,439.0,632,292,1.7868,INLAND,82056.99
-118.18,34.03,26,859,255.0,835,232,1.1929,<1H OCEAN,165433.0
-122.44,37.78,37,1235,314.0,481,297,3.6875,NEAR BAY,362879.03
-117.99,34.08,35,1032,207.0,954,191,2.8906,INLAND,149931.0
-119.63,34.4,29,3865,814.0,1266,613,6.0069,<1H OCEAN,412710.32
-122.62,38.24,33,1369,280.0,758,246,4.0341,<1H OCEAN,203814.0
-122.33,38.29,14,3541,499.0,1577,459,5.3351,NEAR BAY,219382.0
-119.82,36.79,35,1474,291.0,709,294,2.6522,INLAND,73800.0
-118.61,34.21,41,1058,228.0,778,245,3.3534,<1H OCEAN,191505.0
-122.53,37.87,20,1814,282.0,658,253,7.9977,NEAR BAY,404118.04
-118.26,33.91,39,967,256.0,903,256,1.9038,<1H OCEAN,98843.0
-121.92,37.28,27,3028,486.0,1284,498,4.5833,<1H OCEAN,299162.0
-120.46,37.29,30,2972,635.0,1940,590,2.3594,INLAND,83611.0
-121.97,36.97,24,3665,870.0,1954,833,2.8036,NEAR OCEAN,236889.0
-117.16,32.73,52,1863,559.0,906,493,1.9203,NEAR OCEAN,168987.0
-118.19,33.78,24,225,72.0,439,71,2.8533,NEAR OCEAN,209451.05
-117.11,32.69,39,395,159.0,620,162,2.725,NEAR OCEAN,112129.0
-117.88,33.82,17,2247,705.0,1382,618,3.8631,<1H OCEAN,194265.0
-122.48,37.69,43,2661,455.0,1384,456,4.2421,NEAR OCEAN,240004.0
-118.15,34.17,36,930,280.0,1024,300,1.0846,<1H OCEAN,198711.06
-117.7,33.6,16,2092,489.0,877,392,3.0461,<1H OCEAN,148140.0
-116.22,33.73,38,1695,352.0,1279,305,2.1217,INLAND,72484.0
-119.07,35.34,16,4201,786.0,1667,724,4.8839,INLAND,143568.0
-120.71,37.38,14,1979,432.0,1756,382,2.6923,INLAND,92891.0
-121.36,37.99,8,1801,380.0,684,350,4.2589,INLAND,173978.0
-117.3,33.23,13,3619,791.0,1759,806,2.765,<1H OCEAN,135883.0
-118.15,33.94,37,1594,321.0,1003,323,3.3289,<1H OCEAN,209879.0
-118.11,34.15,40,1950,509.0,1038,438,2.6172,<1H OCEAN,190142.0
-117.1,32.74,30,1772,500.0,1389,447,2.3641,NEAR OCEAN,114039.0
-122.67,38.33,4,8072,1606.0,4323,1475,3.9518,<1H OCEAN,197272.0
-118.14,34.06,37,1339,258.0,706,238,4.7569,<1H OCEAN,228493.0
-118.27,34.0,43,1638,434.0,1213,390,1.3403,<1H OCEAN,105991.0
-118.31,33.67,42,1297,246.0,611,242,5.3074,NEAR OCEAN,351585.19
-122.23,40.57,18,1633,243.0,750,252,5.1585,INLAND,184187.0
-117.04,32.58,14,2355,406.0,1883,401,5.0311,NEAR OCEAN,161560.0
-118.51,34.0,52,1241,502.0,679,459,2.3098,<1H OCEAN,364216.16
-118.09,33.74,44,1671,390.0,871,367,4.6369,NEAR OCEAN,404453.17
-118.93,36.19,30,2685,546.0,951,523,2.6184,INLAND,77151.0
-117.22,32.75,26,696,185.0,384,184,2.6121,NEAR OCEAN,224802.04
-122.04,37.62,35,1032,173.0,453,176,6.396,NEAR BAY,358420.03
-117.22,34.07,8,3065,692.0,1440,666,3.2368,INLAND,113389.0
-117.13,34.24,17,2828,506.0,673,274,5.2563,INLAND,161599.01
-117.13,32.7,48,786,230.0,917,231,1.875,NEAR OCEAN,88712.0
-122.44,37.77,52,3475,807.0,1518,777,3.6186,NEAR BAY,463666.54
-118.24,33.96,34,1724,432.0,1876,416,2.1078,<1H OCEAN,107810.0
-119.08,35.32,8,11609,2141.0,5696,2100,5.0012,INLAND,146733.0
-119.29,34.28,38,2387,748.0,1537,741,2.3147,NEAR OCEAN,197162.0
-118.26,34.01,47,1269,323.0,1628,325,1.5089,<1H OCEAN,112446.0
-122.14,37.44,52,3117,468.0,1114,421,6.6756,NEAR BAY,467452.67
-117.13,32.58,27,2511,615.0,1427,576,3.1645,NEAR OCEAN,150983.01
-119.67,36.33,19,1241,244.0,850,237,2.9375,INLAND,72345.0
-122.43,37.81,39,3275,837.0,1137,725,3.7679,NEAR BAY,421777.52
-121.39,38.63,30,2930,739.0,1661,668,2.7813,INLAND,117277.0
-118.36,33.86,37,1768,314.0,802,290,5.0784,<1H OCEAN,308977.05
-118.33,33.92,23,969,288.0,670,251,3.267,<1H OCEAN,185159.0
-118.79,34.14,7,3003,504.0,1143,466,5.8548,NEAR OCEAN,374547.14
-117.82,34.13,27,3770,573.0,1606,562,6.1321,INLAND,249237.02
-114.57,33.57,20,1454,326.0,624,262,1.925,INLAND,61178.0
-118.08,34.13,46,1238,147.0,377,145,8.4546,INLAND,469585.58
-117.72,34.1,32,3241,895.0,1592,810,2.4952,INLAND,136160.0
-118.25,33.91,36,1950,365.0,1125,374,3.1111,<1H OCEAN,127719.0
-121.71,38.56,20,8627,1516.0,4071,1466,4.2198,INLAND,194114.0
-122.02,38.02,44,1465,247.0,817,237,4.8693,NEAR BAY,206280.0
-122.08,37.39,4,2292,,1050,584,4.8036,NEAR BAY,282861.06
-117.16,32.74,27,2335,604.0,982,590,3.1921,NEAR OCEAN,236841.03
-118.37,34.24,40,1283,246.0,594,236,4.1121,<1H OCEAN,208898.0
-118.31,34.0,47,1551,362.0,1329,322,1.9792,<1H OCEAN,112611.0
-120.48,37.29,17,2266,693.0,3200,664,1.5635,INLAND,73466.0
-122.54,37.99,32,2236,348.0,818,330,7.3521,NEAR BAY,416899.29
-117.11,32.79,16,2574,771.0,1129,721,3.3849,NEAR OCEAN,121700.0
-118.34,34.04,35,2345,607.0,2042,565,2.5955,<1H OCEAN,184676.0
-120.44,34.93,15,868,244.0,1133,253,2.0995,<1H OCEAN,106087.0
-118.54,34.23,29,1753,342.0,1318,333,4.125,<1H OCEAN,195464.0
-117.05,32.76,37,4879,906.0,2076,871,3.6625,NEAR OCEAN,160740.0
-122.04,36.97,30,2695,424.0,1098,420,5.3972,NEAR OCEAN,342018.02
-122.53,38.01,27,3121,531.0,1318,489,5.4781,NEAR BAY,294815.0
-118.39,34.16,20,4084,1062.0,1637,987,3.2388,<1H OCEAN,330585.03
-118.2,34.12,52,1580,426.0,1462,406,3.3326,<1H OCEAN,172892.0
-122.43,37.64,42,4091,757.0,1861,771,4.207,NEAR OCEAN,298417.0
-116.88,34.08,52,3419,777.0,710,265,3.9028,INLAND,123837.0
-122.09,37.41,8,1480,414.0,856,445,2.8203,NEAR BAY,211619.01
-121.9,37.3,39,3627,666.0,1531,635,4.537,<1H OCEAN,270389.0
-122.78,38.44,14,4143,656.0,1569,629,3.9766,<1H OCEAN,206282.0
-122.31,38.34,19,4187,684.0,1827,605,4.5293,NEAR BAY,193334.0
-117.74,34.02,33,2318,464.0,1904,451,3.7454,INLAND,138712.0
-122.01,37.93,25,2652,335.0,1062,334,7.5898,NEAR BAY,364284.07
-118.85,34.21,29,2195,414.0,1360,401,3.4773,<1H OCEAN,199038.0
-122.37,38.33,29,1868,291.0,764,284,4.825,NEAR BAY,205865.0
-118.11,34.07,19,3215,907.0,3072,870,2.3393,<1H OCEAN,193116.01
-121.28,38.7,15,5828,1051.0,2868,1037,3.7813,INLAND,151630.0
-118.1,34.08,37,2894,659.0,1977,636,2.543,<1H OCEAN,190967.0
-120.07,36.96,32,1268,283.0,549,273,1.4511,INLAND,67491.0
-118.37,33.95,32,1067,286.0,1053,277,2.8438,<1H OCEAN,189145.0
-122.42,37.8,52,3823,1040.0,1830,977,4.2458,NEAR BAY,487801.86
-118.7,34.3,23,2831,406.0,1284,393,6.1383,<1H OCEAN,280905.01
-117.12,32.57,35,1450,256.0,930,286,2.6715,NEAR OCEAN,143685.0
-122.42,37.8,52,3067,870.0,2122,850,2.5603,NEAR BAY,262618.07
-119.25,35.78,27,1513,342.0,1346,323,2.7411,INLAND,79070.0
-122.66,39.02,16,3715,810.0,943,510,1.7446,INLAND,95604.0
-118.45,33.99,52,1010,244.0,573,242,4.1861,<1H OCEAN,333836.02
-117.61,34.08,12,4427,,2400,843,4.7147,INLAND,163626.0
-117.96,33.93,15,2014,419.0,839,390,4.7446,<1H OCEAN,216376.0
-115.73,32.8,44,472,81.0,206,57,2.2083,INLAND,79063.0
-118.12,34.1,34,2918,555.0,1435,568,4.2344,<1H OCEAN,296110.02
-117.96,33.65,18,3603,879.0,1549,756,4.0229,<1H OCEAN,219200.0
-118.57,34.2,33,1759,311.0,943,315,5.223,<1H OCEAN,241499.0
-119.02,35.41,41,2221,516.0,1106,473,1.97,INLAND,67268.0
-119.06,35.33,14,5264,1064.0,3278,1049,3.8117,INLAND,94189.0
-122.44,37.77,52,3505,745.0,1374,714,4.3667,NEAR BAY,466372.59
-117.15,32.91,14,1259,238.0,889,247,4.9464,<1H OCEAN,182790.0
-118.44,34.29,30,1632,401.0,1357,401,3.1588,<1H OCEAN,173333.0
-119.8,36.02,20,156,39.0,171,37,3.05,INLAND,96683.0
-119.77,36.78,36,3616,779.0,1994,786,2.5434,INLAND,69998.0
-118.28,33.97,38,1819,497.0,2110,499,1.6027,<1H OCEAN,98976.0
-118.4,34.05,26,4473,923.0,1518,805,5.0762,<1H OCEAN,454067.54
-122.07,37.57,8,8647,1407.0,5019,1379,6.5615,NEAR BAY,348729.13
-121.56,39.08,26,1377,289.0,761,267,1.4934,INLAND,61232.0
-121.98,37.54,17,5133,1375.0,3386,1339,3.1326,<1H OCEAN,213382.0
-122.29,38.3,52,144,54.0,89,48,1.0096,NEAR BAY,183215.02
-118.15,33.9,20,2850,737.0,1855,662,2.809,<1H OCEAN,175782.0
-122.04,37.34,28,3081,460.0,1260,461,7.5372,<1H OCEAN,435747.32
-118.49,34.27,34,4877,815.0,2521,781,5.5714,<1H OCEAN,263138.0
-117.12,32.74,46,1898,441.0,978,439,3.2708,NEAR OCEAN,160414.0
-118.95,35.38,35,2220,388.0,906,373,3.5938,INLAND,90446.0
-122.08,37.4,23,806,158.0,373,156,5.9291,NEAR BAY,331324.06
-118.26,33.88,40,519,102.0,330,95,3.0972,<1H OCEAN,134607.0
-119.76,36.79,32,2463,468.0,1261,486,3.3281,INLAND,87596.0
-118.25,33.98,39,1553,461.0,2271,437,1.7378,<1H OCEAN,102403.0
-118.98,35.38,24,1807,465.0,1460,410,1.4786,INLAND,51947.0
-118.92,35.13,29,1297,262.0,909,253,1.9236,INLAND,58124.0
-118.21,33.8,44,1387,280.0,984,302,4.25,NEAR OCEAN,187058.01
-118.27,34.15,7,2837,776.0,2287,736,3.008,<1H OCEAN,227542.0
-119.96,35.99,25,1047,270.0,1505,286,2.0976,INLAND,53234.0
-118.0,34.15,48,3436,673.0,1540,648,4.275,INLAND,250653.0
-122.46,37.71,45,1799,394.0,1436,389,3.65,NEAR OCEAN,235219.0
-121.32,38.67,31,2532,479.0,1396,467,4.0417,INLAND,124070.0
-118.07,33.96,30,928,230.0,913,214,2.6991,<1H OCEAN,161920.0
-117.0,32.77,35,2114,317.0,881,320,5.5,<1H OCEAN,200156.0
-121.99,37.54,18,3584,715.0,1673,661,3.9444,<1H OCEAN,239492.0
-121.19,38.04,35,703,117.0,290,107,3.225,INLAND,164921.0
-118.56,34.21,13,8327,1849.0,4126,1773,3.7313,<1H OCEAN,240169.0
-116.92,32.82,16,2784,468.0,1458,465,4.0048,<1H OCEAN,168725.0
-122.2,37.78,50,1867,403.0,1128,378,2.5401,NEAR BAY,128081.0
-122.41,37.71,28,5015,1240.0,3900,1029,1.2269,NEAR BAY,221401.06
-122.07,37.64,22,5861,1516.0,5436,1463,2.5158,NEAR BAY,183674.01
-118.23,33.95,37,2667,671.0,2865,683,0.6831,<1H OCEAN,116786.02
-118.01,33.76,35,2072,349.0,1249,317,3.9855,<1H OCEAN,202988.0
-118.37,33.99,36,3228,543.0,1305,520,5.1695,<1H OCEAN,330438.09
-118.27,33.95,34,1261,315.0,1027,303,2.2946,<1H OCEAN,103764.0
-121.33,38.65,24,3533,741.0,1496,723,2.8106,INLAND,134780.0
-122.18,37.76,52,754,175.0,447,165,3.9063,NEAR BAY,156602.0
-121.97,37.28,27,2427,403.0,1301,438,5.0385,<1H OCEAN,276597.0
-117.5,34.0,15,1929,317.0,1237,316,4.4063,INLAND,134539.0
-124.1,40.9,18,4032,798.0,1948,775,2.7321,NEAR OCEAN,96786.0
-116.43,33.81,8,6710,1343.0,2069,781,3.5223,INLAND,173553.08
-120.76,38.47,17,1521,309.0,607,240,3.5,INLAND,144379.0
-118.41,34.17,35,2027,428.0,879,402,4.692,<1H OCEAN,313187.01
-122.83,38.4,37,2217,451.0,1019,428,3.1217,<1H OCEAN,186984.0
-118.46,34.4,12,25957,4798.0,10475,4490,4.542,<1H OCEAN,210318.0
-122.19,37.71,36,361,69.0,158,58,5.5461,NEAR BAY,314189.04
-119.91,37.23,17,2171,389.0,1042,375,3.625,INLAND,115076.0
-121.92,37.3,36,2088,358.0,772,347,4.2762,<1H OCEAN,288178.01
-117.26,32.95,22,5484,1227.0,1947,1012,4.4375,NEAR OCEAN,314787.02
-119.01,35.37,33,821,181.0,579,172,1.2469,INLAND,57354.0
-117.67,33.49,15,2782,579.0,983,525,2.1935,<1H OCEAN,215499.18
-117.81,35.65,19,1124,290.0,598,261,1.8984,INLAND,72145.92
-118.42,33.98,3,475,155.0,236,153,3.6667,<1H OCEAN,299230.06
-122.4,37.76,52,1495,311.0,506,275,4.4375,NEAR BAY,301123.03
-119.84,36.81,18,2789,378.0,937,364,7.7062,INLAND,234404.0
-121.43,37.75,42,1207,278.0,699,279,3.3611,INLAND,125428.0
-118.22,34.09,36,1427,415.0,1835,410,2.48,<1H OCEAN,152516.0
-117.04,32.55,15,2206,648.0,2511,648,1.6348,NEAR OCEAN,116032.0
-117.14,33.15,16,1129,198.0,758,178,5.0346,<1H OCEAN,181570.0
-117.94,34.04,36,1431,354.0,1367,334,3.5592,<1H OCEAN,159593.0
-117.93,34.57,5,5613,1060.0,3569,999,3.1946,INLAND,137815.0
-118.37,34.16,25,2450,618.0,1054,578,3.6375,<1H OCEAN,290933.0
-117.1,34.21,22,4397,931.0,1145,445,4.5268,INLAND,138563.0
-122.42,40.44,16,994,,495,181,2.1875,INLAND,83449.0
-121.47,38.54,47,2085,464.0,1346,402,1.2679,INLAND,67244.0
-118.14,34.08,30,1433,397.0,1110,346,2.3464,<1H OCEAN,200774.0
-118.39,34.23,18,3405,831.0,3001,795,3.0083,<1H OCEAN,190002.0
-121.41,38.69,28,1601,308.0,848,305,3.6429,INLAND,107885.0
-123.8,39.44,33,2024,459.0,1019,422,1.9208,<1H OCEAN,97218.0
-117.71,33.54,7,4907,577.0,1883,556,10.4415,<1H OCEAN,464033.6
-121.5,38.56,46,2646,645.0,1684,616,1.128,INLAND,99347.0
-117.24,32.75,36,2831,669.0,1279,660,2.9896,NEAR OCEAN,251224.0
-118.26,33.82,28,5091,1074.0,4753,1033,3.6477,<1H OCEAN,201191.01
-117.95,33.71,16,6058,1715.0,3285,1495,3.4133,<1H OCEAN,189095.0
-117.24,32.75,41,1989,514.0,1015,489,2.79,NEAR OCEAN,264380.0
-121.35,38.04,12,6217,1019.0,3771,961,3.7206,INLAND,133781.0
-117.57,33.88,39,679,164.0,769,179,2.3036,INLAND,120073.0
-117.24,32.94,12,2165,437.0,792,386,5.2648,NEAR OCEAN,276852.06
-121.63,39.12,34,1991,348.0,804,344,3.4492,INLAND,116986.0
-117.9,33.8,27,2176,442.0,1440,418,4.375,<1H OCEAN,194791.0
-122.01,38.26,12,4132,710.0,2087,633,4.5987,INLAND,162165.0
-118.44,34.17,29,2685,642.0,1085,599,3.2763,<1H OCEAN,277928.0
-117.92,33.9,13,1814,320.0,1010,313,6.3489,<1H OCEAN,279653.0
-122.64,38.01,36,1336,258.0,678,249,5.5789,NEAR OCEAN,337641.02
-119.97,36.44,18,1128,237.0,772,220,2.1771,INLAND,63469.99
-117.95,33.79,34,2912,520.0,1625,501,4.4667,<1H OCEAN,202801.0
-118.05,33.84,21,4890,653.0,2295,654,6.983,<1H OCEAN,338042.0
-121.26,37.95,44,819,184.0,677,183,1.725,INLAND,67770.0
-118.96,37.64,11,3934,697.0,901,345,4.2381,INLAND,133873.0
-121.64,39.11,18,3212,542.0,1817,508,3.3793,INLAND,109674.0
-117.12,32.76,28,2160,608.0,1339,571,1.9152,NEAR OCEAN,125072.0
-116.92,32.86,11,2204,518.0,1472,497,2.3693,<1H OCEAN,125167.0
-118.83,34.33,6,6679,1164.0,3196,1157,5.4493,<1H OCEAN,271100.03
-122.39,37.78,3,3464,1179.0,1441,919,4.7105,NEAR BAY,263109.08
-117.25,32.73,38,1840,291.0,633,283,4.9125,NEAR OCEAN,386321.09
-120.84,35.3,15,2062,327.0,781,316,4.9359,NEAR OCEAN,270221.01
-117.98,33.7,17,1997,340.0,952,341,4.4148,<1H OCEAN,217728.0
-122.24,37.77,52,1153,235.0,481,223,2.6411,NEAR BAY,164963.01
-121.36,38.66,22,2878,599.0,1362,541,2.7955,INLAND,125967.0
-122.5,37.92,32,2639,415.0,1013,408,6.1632,NEAR BAY,385852.08
-120.84,37.48,10,2874,612.0,1960,596,2.7381,INLAND,110108.0
-118.31,33.88,21,1490,430.0,686,400,2.3812,<1H OCEAN,212461.0
-118.09,34.68,4,23386,4171.0,10493,3671,4.0211,INLAND,141828.0
-119.23,35.77,26,2636,468.0,1416,485,4.1917,INLAND,94853.0
-118.32,34.19,37,1519,331.0,613,315,3.0179,<1H OCEAN,238287.01
-118.52,34.22,35,1275,222.0,959,226,5.0282,<1H OCEAN,211664.0
-118.3,34.1,25,3926,1715.0,4865,1612,1.6112,<1H OCEAN,190813.02
-121.25,36.32,12,4776,1082.0,4601,1066,2.9184,<1H OCEAN,143970.0
-118.15,33.94,36,1948,341.0,992,363,4.2594,<1H OCEAN,233730.0
-117.43,34.01,34,2101,426.0,1150,377,3.0909,INLAND,110703.0
-122.56,37.9,48,1550,253.0,641,276,8.634,NEAR BAY,466457.49
-120.84,37.51,20,1901,313.0,1258,320,3.8958,INLAND,144167.0
-118.28,34.06,52,936,454.0,990,354,1.1122,<1H OCEAN,241932.02
-119.17,34.15,18,2509,688.0,3129,677,2.6098,NEAR OCEAN,282687.02
-122.04,37.35,28,1582,264.0,696,270,5.678,<1H OCEAN,318713.04
-122.28,37.87,52,1813,353.0,828,339,3.5625,NEAR BAY,218517.0
-118.06,33.91,24,4880,1044.0,4516,1050,4.1387,<1H OCEAN,191740.0
-118.47,34.15,43,804,117.0,267,110,8.2269,<1H OCEAN,472431.71
-118.48,34.04,47,1956,277.0,724,277,8.9616,<1H OCEAN,494547.91
-117.08,32.76,27,1221,254.0,606,259,3.0833,NEAR OCEAN,199760.0
-118.71,34.3,20,1586,187.0,699,209,6.5483,<1H OCEAN,300886.06
-118.2,34.04,18,796,227.0,547,218,1.0333,<1H OCEAN,170828.02
-122.04,37.88,32,3250,550.0,1230,557,4.6424,NEAR BAY,298493.02
-117.76,33.83,15,3086,457.0,1262,436,6.4415,<1H OCEAN,298536.0
-117.11,33.74,18,4799,1035.0,1966,944,2.1182,INLAND,107184.0
-122.22,37.84,50,2935,473.0,1031,479,7.5,NEAR BAY,352868.02
-115.37,32.82,30,1602,322.0,1130,335,3.5735,INLAND,86235.0
-118.11,34.16,52,3158,459.0,1229,444,5.4223,INLAND,341966.01
-116.76,34.23,10,4374,989.0,1020,376,2.6071,INLAND,99180.0
-122.12,37.42,36,2607,551.0,1165,523,5.1524,NEAR BAY,345974.12
-117.23,32.78,35,1649,355.0,746,360,4.6293,NEAR OCEAN,267119.02
-118.44,34.19,19,3487,959.0,2278,835,2.6709,<1H OCEAN,211544.0
-120.9,37.64,26,1762,418.0,855,308,1.6767,INLAND,90305.0
-117.27,34.05,34,1703,395.0,849,359,3.1607,INLAND,110340.0
-120.85,37.06,31,2609,645.0,1796,629,1.5479,INLAND,76456.0
-116.99,32.7,15,3660,622.0,2629,612,4.0444,NEAR OCEAN,158663.0
-121.6,39.15,19,1396,336.0,940,309,1.5208,INLAND,91831.0
-117.32,34.55,18,279,59.0,188,60,0.8246,INLAND,96437.99
-121.47,38.49,17,3595,790.0,2760,770,2.3233,INLAND,100363.0
-118.45,34.23,15,5738,1767.0,4620,1581,2.3584,<1H OCEAN,180677.01
-118.08,34.12,27,1685,341.0,757,317,4.2434,<1H OCEAN,258365.01
-117.96,33.94,31,2397,518.0,1407,476,2.6641,<1H OCEAN,180007.0
-118.14,34.06,27,5257,1082.0,3496,1036,3.3906,<1H OCEAN,245071.0
-118.88,34.17,15,4260,,1701,669,5.1033,<1H OCEAN,273396.04
-117.23,33.77,5,2108,496.0,1666,461,2.0,INLAND,106936.0
-117.88,33.85,26,3924,781.0,2332,725,3.7772,<1H OCEAN,208479.0
-121.3,38.03,13,1014,200.0,712,197,3.1471,INLAND,115833.0
-117.9,33.99,18,8076,1789.0,5325,1707,3.443,<1H OCEAN,187894.0
-117.24,32.74,44,1488,259.0,667,281,4.0862,NEAR OCEAN,311429.03
-124.18,40.78,33,1076,222.0,656,236,2.5096,NEAR OCEAN,76951.0
-118.1,33.91,35,1592,335.0,1238,320,4.9732,<1H OCEAN,190554.0
-122.06,37.77,12,14316,2045.0,5781,2007,7.2634,NEAR BAY,361727.1
-121.68,39.15,14,2774,451.0,1292,428,4.3833,INLAND,134643.0
-117.14,32.7,32,1280,353.0,1335,330,1.6023,NEAR OCEAN,86566.0
-117.02,32.76,15,1204,326.0,543,326,1.0278,<1H OCEAN,146659.0
-117.86,33.62,17,2975,371.0,1247,398,10.1989,<1H OCEAN,467998.53
-117.13,32.79,35,1362,243.0,698,255,3.6458,NEAR OCEAN,165641.0
-118.2,34.04,52,1249,307.0,1223,297,2.07,<1H OCEAN,143878.0
-120.57,38.2,13,4110,847.0,1796,706,2.6417,INLAND,127758.0
-118.17,33.96,25,2249,681.0,2621,628,2.3,<1H OCEAN,159895.0
-117.74,33.46,9,6564,1316.0,1720,904,4.89,<1H OCEAN,272525.04
-117.18,34.54,5,3772,619.0,2097,635,3.8194,INLAND,129663.0
-118.42,34.18,40,1013,150.0,449,166,5.7143,<1H OCEAN,361365.1
-119.69,34.38,39,1383,459.0,677,362,2.25,NEAR OCEAN,280693.06
-117.27,33.03,19,2899,499.0,1356,512,4.87,NEAR OCEAN,282774.01
-118.41,34.25,36,1146,259.0,1173,272,3.6016,<1H OCEAN,159227.0
-118.66,34.02,23,8798,1465.0,2750,1208,8.7364,NEAR OCEAN,480466.72
-122.15,37.74,43,1383,275.0,853,272,3.5083,NEAR BAY,143250.0
-120.85,37.49,39,2840,733.0,2606,737,1.9429,INLAND,74069.0
-118.29,34.17,12,2238,682.0,1882,611,2.9,<1H OCEAN,225695.0
-122.7,38.43,28,1585,412.0,1362,424,1.6685,<1H OCEAN,150311.0
-117.76,33.86,14,3666,442.0,1400,433,10.1316,<1H OCEAN,438633.22
-122.58,38.15,9,1302,177.0,682,190,7.5,<1H OCEAN,363667.17
-118.32,34.04,39,2965,812.0,2638,794,2.532,<1H OCEAN,193657.0
-120.46,36.87,20,1287,310.0,954,269,1.3386,INLAND,61089.0
-117.92,33.7,15,3201,,1510,622,4.2708,<1H OCEAN,200620.01
-121.59,39.39,22,2515,482.0,1284,462,2.1776,INLAND,71630.0
-117.94,34.02,27,5026,955.0,3899,930,3.871,<1H OCEAN,177754.0
-120.45,34.94,26,1058,232.0,891,243,3.6422,<1H OCEAN,179210.0
-117.12,32.76,23,2681,717.0,1279,648,2.1597,NEAR OCEAN,129702.0
-117.34,34.0,27,321,64.0,214,67,3.175,INLAND,123938.0
-118.05,34.1,30,2143,427.0,1107,416,4.2321,INLAND,249899.0
-118.19,33.82,19,2953,895.0,1914,855,3.5521,NEAR OCEAN,230373.0
-117.38,34.06,17,3139,569.0,1612,516,3.3571,INLAND,116334.0
-121.27,37.97,39,1023,243.0,550,224,1.1141,INLAND,73842.0
-122.18,39.75,30,4157,834.0,1885,774,1.6948,INLAND,65092.0
-118.49,34.03,32,3851,900.0,1456,836,4.5208,<1H OCEAN,451232.31
-117.68,33.54,5,2840,403.0,1363,403,7.618,<1H OCEAN,326790.0
-122.92,39.05,38,3131,624.0,1591,568,2.5457,INLAND,119469.0
-120.0,38.92,26,529,116.0,191,83,3.5,INLAND,129828.0
-121.2,37.79,36,866,160.0,502,149,2.4798,INLAND,105301.0
-117.3,34.11,42,525,111.0,444,120,2.6771,INLAND,83183.0
-118.38,33.86,24,3124,560.0,1312,542,6.3021,<1H OCEAN,330805.03
-117.01,33.75,15,2873,903.0,1094,659,1.8015,INLAND,105753.0
-118.04,33.99,47,2530,565.0,1262,509,3.6475,<1H OCEAN,205128.0
-121.25,38.69,24,1014,185.0,606,194,4.1607,INLAND,148658.0
-122.09,37.65,35,1130,192.0,543,184,4.3897,NEAR BAY,194347.0
-121.26,37.96,43,940,208.0,690,181,2.3056,INLAND,83236.0
-117.35,33.97,27,3960,886.0,2807,838,3.024,INLAND,107286.0
-118.2,33.91,36,2283,499.0,1836,462,2.8793,<1H OCEAN,133016.0
-118.46,34.02,46,2571,502.0,1225,501,6.0436,<1H OCEAN,419040.26
-118.32,33.94,37,1487,296.0,863,291,3.1563,<1H OCEAN,150536.0
-118.25,33.8,36,1697,394.0,1274,396,3.35,<1H OCEAN,171627.0
-119.75,36.75,49,2331,460.0,1290,477,2.5111,INLAND,69839.0
-122.24,38.14,15,8479,1759.0,5008,1646,3.724,NEAR BAY,161711.0
-119.05,36.07,21,2472,523.0,1238,504,1.7756,INLAND,66131.0
-120.82,37.49,25,1611,285.0,882,261,3.5547,INLAND,140100.0
-121.96,37.06,16,1321,224.0,650,206,6.3258,NEAR OCEAN,325525.02
-122.13,37.45,37,1287,197.0,510,206,7.9029,NEAR BAY,468132.71
-118.05,33.82,25,1548,279.0,732,265,5.123,<1H OCEAN,231576.0
-122.03,38.25,13,3334,541.0,1923,538,4.0905,INLAND,148805.0
-121.94,37.33,36,1893,359.0,797,360,3.6818,<1H OCEAN,266866.01
-118.0,33.73,26,2236,280.0,809,282,6.7395,<1H OCEAN,317438.01
-118.32,33.89,44,1300,252.0,695,249,5.1669,<1H OCEAN,244456.01
-122.05,37.95,22,5175,1213.0,2804,1091,2.85,NEAR BAY,189740.0
-118.23,34.16,31,3105,582.0,1359,547,5.1718,<1H OCEAN,289398.07
-121.46,38.61,43,705,178.0,464,159,2.4205,INLAND,115565.0
-117.14,32.71,52,800,313.0,1337,282,1.5594,NEAR OCEAN,89191.0
-122.46,37.71,47,1527,283.0,1102,282,4.0,NEAR OCEAN,242330.0
-121.49,38.53,40,2966,536.0,1225,505,3.125,INLAND,105646.0
-118.49,34.22,30,1756,314.0,899,288,5.0325,<1H OCEAN,229752.0
-122.03,37.69,20,200,25.0,83,31,6.5,NEAR BAY,300709.01
-117.62,33.77,43,1911,439.0,930,433,4.6369,<1H OCEAN,234380.05
-118.07,34.12,30,2201,559.0,1194,531,4.1136,INLAND,263749.0
-118.1,33.96,36,2013,435.0,1476,475,3.9549,<1H OCEAN,171934.0
-118.36,34.03,43,1690,379.0,1017,359,2.1078,<1H OCEAN,145940.0
-117.27,34.17,16,30,3.0,49,8,4.625,INLAND,200890.06
-121.62,36.63,52,1437,298.0,836,257,3.6286,<1H OCEAN,230864.0
-118.53,34.26,18,3674,,1590,550,8.176,<1H OCEAN,412961.19
-118.52,34.04,47,1985,315.0,819,340,6.5147,<1H OCEAN,456722.54
-122.4,37.73,42,1413,406.0,1027,362,2.3625,NEAR BAY,218087.02
-117.84,33.66,5,1688,430.0,857,402,3.7857,<1H OCEAN,258993.1
-122.0,37.96,28,4071,713.0,2033,647,4.5833,INLAND,178137.0
-118.29,33.96,36,1717,417.0,902,368,1.4868,<1H OCEAN,107300.0
-121.53,39.53,35,1806,293.0,683,295,4.5156,INLAND,145798.0
-121.99,37.34,27,3353,653.0,1571,621,5.273,<1H OCEAN,317868.0
-122.23,40.2,17,762,138.0,322,139,4.2917,INLAND,154312.0
-117.25,32.73,37,2224,331.0,821,341,6.3331,NEAR OCEAN,415191.21
-118.38,33.81,41,1889,301.0,802,278,6.015,NEAR OCEAN,393570.27
-122.0,37.28,35,3133,541.0,1449,555,5.7295,<1H OCEAN,330480.0
-118.19,33.79,29,3497,1096.0,2994,919,1.8109,NEAR OCEAN,142375.0
-118.26,33.94,45,1080,218.0,850,237,2.25,<1H OCEAN,108839.0
-117.64,33.88,13,8010,1366.0,3920,1309,5.536,<1H OCEAN,241050.0
-122.41,37.61,43,1934,303.0,847,300,4.7381,NEAR OCEAN,321624.01
-117.87,33.87,7,2663,642.0,1367,677,4.6563,<1H OCEAN,188538.0
-116.47,33.84,3,9169,1512.0,3838,1270,4.3111,INLAND,176302.02
-118.47,34.19,41,1104,196.0,495,196,5.0929,<1H OCEAN,286272.03
-119.84,34.44,28,977,162.0,537,159,4.2404,NEAR OCEAN,300783.01
-120.44,34.65,30,2265,512.0,1402,471,1.975,NEAR OCEAN,142716.0
-118.1,33.9,37,796,175.0,740,183,3.6,<1H OCEAN,167566.0
-118.25,33.93,42,763,191.0,754,174,2.0486,<1H OCEAN,96948.0
-117.07,32.63,37,2372,444.0,1056,419,3.7583,NEAR OCEAN,148034.0
-122.33,38.33,15,3193,468.0,1303,426,5.3017,NEAR BAY,228347.0
-118.37,34.04,43,1465,278.0,727,290,4.0781,<1H OCEAN,264641.07
-121.88,37.39,13,3334,565.0,2240,561,7.105,<1H OCEAN,339558.03
-121.22,37.72,34,2123,387.0,1310,368,2.6368,INLAND,89760.0
-121.29,36.9,17,3610,593.0,1734,559,5.8324,INLAND,229942.0
-122.96,38.42,50,2530,524.0,940,361,2.9375,<1H OCEAN,164395.01
-121.84,37.32,14,5762,1538.0,3979,1389,3.6953,<1H OCEAN,223741.0
-119.56,36.09,14,1267,290.0,1077,279,1.85,INLAND,56357.0
-117.13,32.91,16,2715,581.0,1619,584,4.0,<1H OCEAN,165371.0
-118.99,35.4,43,2225,392.0,890,374,4.0208,INLAND,98452.0
-118.04,33.83,20,1488,312.0,972,283,4.055,<1H OCEAN,209610.0
-121.95,36.61,31,1736,250.0,497,170,6.3835,NEAR OCEAN,392357.11
-122.29,37.48,15,5480,892.0,2009,831,7.4678,NEAR OCEAN,437212.35
-122.3,37.52,38,2769,387.0,994,395,5.5902,NEAR OCEAN,380083.02
-122.34,37.93,30,2515,481.0,1327,428,2.1287,NEAR BAY,111465.0
-117.33,34.03,18,2342,402.0,1264,382,4.7986,INLAND,145421.0
-122.5,37.76,52,2018,422.0,1142,463,3.7083,NEAR OCEAN,301576.01
-121.03,37.69,5,4034,771.0,1967,742,3.8065,INLAND,154188.0
-118.28,33.74,16,855,271.0,486,250,0.7591,NEAR OCEAN,198126.0
-118.1,33.82,36,1930,354.0,915,328,5.2713,<1H OCEAN,241630.0
-121.37,38.01,15,2430,315.0,1016,314,10.0088,INLAND,409908.33
-118.2,34.2,44,2890,438.0,1219,429,6.987,<1H OCEAN,439956.4
-121.84,36.61,26,2902,761.0,2258,719,2.5663,<1H OCEAN,165752.0
-119.52,34.4,20,1834,477.0,1305,417,3.2125,NEAR OCEAN,266626.01
-117.98,34.0,22,3632,538.0,1968,566,6.019,<1H OCEAN,260561.0
-118.42,37.36,18,2281,520.0,1425,465,1.7388,INLAND,104419.0
-115.54,32.98,27,1513,395.0,1121,381,1.9464,INLAND,65035.0
-122.36,37.95,40,408,102.0,302,81,1.8333,NEAR BAY,91932.0
-117.29,32.92,25,2355,381.0,823,358,6.8322,NEAR OCEAN,367366.17
-116.25,33.75,33,278,91.0,375,81,2.025,INLAND,71258.0
-117.34,33.98,10,17286,4952.0,9851,4616,1.7579,INLAND,103102.0
-119.78,36.27,29,1871,315.0,1066,309,4.5714,INLAND,125749.0
-120.1,39.33,9,2738,510.0,1193,412,4.3958,INLAND,159516.0
-122.04,37.96,16,2913,723.0,1705,693,2.9097,NEAR BAY,159490.0
-117.91,33.65,19,1589,421.0,1118,394,4.1029,<1H OCEAN,232409.02
-118.99,34.23,9,10618,1617.0,4830,1606,6.6246,<1H OCEAN,339712.07
-119.27,34.29,32,2274,406.0,982,393,5.3254,NEAR OCEAN,320197.02
-118.32,34.03,50,1845,349.0,1109,335,2.8971,<1H OCEAN,149629.0
-117.2,33.2,16,4409,629.0,1875,609,5.543,<1H OCEAN,293515.05
-117.81,33.71,16,2666,387.0,1227,347,7.3769,<1H OCEAN,321151.0
-118.31,33.98,52,1837,426.0,1062,343,2.0,<1H OCEAN,113547.0
-122.3,37.88,46,1647,376.0,854,355,2.9,NEAR BAY,206017.0
-118.65,34.18,26,4607,656.0,1769,643,7.4918,<1H OCEAN,364165.01
-118.39,34.01,25,1101,285.0,543,294,2.3571,<1H OCEAN,216177.01
-117.94,33.65,20,5476,1073.0,2327,963,5.6637,<1H OCEAN,322403.04
-122.28,37.5,33,6499,998.0,2694,957,7.4787,NEAR OCEAN,446845.11
-121.96,37.81,12,6488,778.0,2404,765,8.3188,<1H OCEAN,401497.03
-122.43,37.8,52,2802,622.0,954,572,4.5399,NEAR BAY,493487.84
-119.77,36.79,34,2679,460.0,1141,470,3.2642,INLAND,87407.0
-122.41,40.58,35,2072,385.0,1029,375,2.8512,INLAND,90032.0
-118.14,34.03,44,2003,390.0,1291,392,4.0625,<1H OCEAN,206093.0
-119.45,36.35,22,1824,333.0,1076,282,2.3365,INLAND,75720.0
-118.46,34.0,36,1392,260.0,679,247,4.7344,<1H OCEAN,384522.16
-122.24,40.45,27,1804,321.0,782,300,3.5978,INLAND,88026.0
-117.25,32.78,21,1479,484.0,658,384,2.45,NEAR OCEAN,227193.01
-121.29,38.14,34,1500,337.0,674,282,2.515,INLAND,108837.0
-118.84,34.16,18,6075,1056.0,2571,1018,5.22,<1H OCEAN,347264.25
-120.47,37.29,16,749,222.0,1277,224,1.2054,INLAND,73865.0
-122.8,38.37,26,1634,315.0,909,317,4.1731,<1H OCEAN,242130.01
-117.08,32.62,28,2468,506.0,1353,522,3.0771,NEAR OCEAN,135852.0
-119.71,34.41,18,1225,317.0,694,306,3.6823,NEAR OCEAN,249052.02
-117.96,34.04,35,1141,212.0,924,212,3.1591,<1H OCEAN,159629.0
-122.06,37.99,16,2445,469.0,721,474,2.8043,NEAR BAY,167366.0
-121.25,38.14,16,1174,242.0,464,261,2.3,INLAND,117580.0
-121.26,37.88,42,465,93.0,256,93,3.1719,INLAND,161157.0
-122.28,40.5,21,2405,476.0,1197,412,2.6488,INLAND,96253.0
-117.98,33.84,31,1252,225.0,714,226,4.6042,<1H OCEAN,195270.0
-122.09,37.37,34,2165,355.0,776,339,5.2971,NEAR BAY,334363.08
-118.08,33.93,34,1558,375.0,1179,337,3.2188,<1H OCEAN,162556.0
-121.84,37.25,25,5939,989.0,3275,954,5.6488,<1H OCEAN,277503.01
-115.56,32.78,29,1568,283.0,848,245,3.1597,INLAND,75516.0
-117.37,33.7,8,4345,865.0,2425,785,3.2481,<1H OCEAN,143372.0
-119.78,34.48,21,2377,322.0,1007,328,7.9248,NEAR OCEAN,430118.24
-118.58,34.2,37,1389,252.0,826,249,5.015,<1H OCEAN,265761.05
-119.22,34.26,16,2596,625.0,1403,562,3.4018,NEAR OCEAN,207451.0
-122.09,37.39,34,1508,483.0,774,443,2.7279,NEAR BAY,210788.0
-118.37,34.05,48,1266,234.0,539,222,4.005,<1H OCEAN,368830.1
-119.24,36.33,9,3289,621.0,1866,631,3.1599,INLAND,87563.0
-117.68,34.15,4,4082,578.0,1996,580,6.7813,INLAND,277157.0
-117.78,34.11,23,7079,1381.0,3205,1327,3.0735,INLAND,169327.0
-119.65,36.34,46,1730,337.0,752,323,1.8529,INLAND,61189.0
-118.15,34.07,40,1072,204.0,940,200,3.125,<1H OCEAN,184818.0
-121.75,36.91,52,1211,447.0,1102,392,1.6875,<1H OCEAN,159821.0
-121.65,36.77,15,2191,358.0,1150,330,4.7969,<1H OCEAN,238431.0
-117.75,33.61,17,2499,566.0,781,522,3.1779,<1H OCEAN,175315.02
-117.41,33.94,22,4179,1081.0,2096,1013,2.4435,INLAND,112234.0
-117.88,33.85,25,1234,351.0,507,285,2.3173,<1H OCEAN,191500.01
-117.09,32.91,9,2012,316.0,802,289,6.5706,<1H OCEAN,273478.0
-119.18,35.5,36,1253,259.0,932,249,2.1635,INLAND,61194.0
-118.08,34.1,36,2679,548.0,1605,533,3.5313,<1H OCEAN,220129.0
-118.15,34.2,37,1997,361.0,1037,363,3.7932,INLAND,254479.0
-122.49,37.78,46,3304,792.0,1783,777,3.6148,NEAR BAY,340142.03
-119.79,36.32,19,3252,614.0,1971,607,3.0667,INLAND,85687.0
-117.66,34.09,23,1426,313.0,954,319,3.0357,INLAND,127960.0
-122.29,37.81,50,760,190.0,377,122,0.9011,NEAR BAY,96928.0
-118.27,33.79,26,2109,651.0,2120,605,2.1447,<1H OCEAN,152769.0
-118.37,34.03,43,1350,287.0,811,307,3.3636,<1H OCEAN,231593.0
-117.96,33.83,29,1194,176.0,474,170,6.1001,<1H OCEAN,271424.05
-119.2,34.27,8,4942,1173.0,3012,1033,3.445,NEAR OCEAN,207819.0
-118.27,33.98,39,2062,588.0,1933,570,1.3801,<1H OCEAN,98461.0
-119.17,34.26,10,3654,541.0,1638,551,6.1885,NEAR OCEAN,339895.13
-118.5,34.52,3,6577,1056.0,3032,1004,5.9263,INLAND,225299.0
-122.27,40.46,14,2633,530.0,1324,513,2.2768,INLAND,84713.0
-117.89,33.71,24,4365,804.0,2663,753,4.5814,<1H OCEAN,202044.0
-121.82,37.37,42,2913,577.0,1873,580,3.7214,<1H OCEAN,184846.0
-117.71,33.54,15,2460,368.0,962,320,7.3878,<1H OCEAN,323001.01
-122.48,38.54,37,1898,359.0,973,340,4.2096,INLAND,235248.0
-117.94,34.09,21,2707,675.0,1742,626,2.1062,<1H OCEAN,168131.0
-117.15,32.74,26,3149,832.0,1320,808,3.0259,NEAR OCEAN,204830.0
-118.25,34.02,32,1375,448.0,1698,432,1.6302,<1H OCEAN,116395.0
-117.38,34.11,36,1497,264.0,894,275,3.3066,INLAND,104560.0
-117.38,34.13,23,1326,300.0,722,263,2.1856,INLAND,94953.0
-121.8,38.68,11,3851,892.0,1847,747,3.4331,INLAND,133849.0
-122.06,37.34,20,3435,593.0,1293,553,6.7578,<1H OCEAN,363749.07
-117.43,33.93,36,2386,396.0,1176,374,4.5122,INLAND,138384.0
-117.06,33.13,12,8742,2114.0,4854,1957,2.8015,<1H OCEAN,144911.0
-118.52,34.32,18,7498,976.0,3189,955,8.1248,<1H OCEAN,398776.07
-117.91,33.94,15,5799,842.0,2314,787,6.3433,<1H OCEAN,295320.0
-118.32,34.14,23,4574,1423.0,1624,995,4.0965,<1H OCEAN,405315.28
-118.49,34.13,24,4394,,1443,528,11.2979,<1H OCEAN,500001.0
-121.94,37.25,16,3942,749.0,1894,737,5.2894,<1H OCEAN,272490.0
-121.44,38.63,38,1673,399.0,1116,382,1.3302,INLAND,65998.0
-118.74,34.26,22,4337,673.0,2347,636,5.4091,<1H OCEAN,248341.01
-119.38,36.53,38,1281,,1423,293,1.9602,INLAND,57083.0
-117.95,33.93,37,2633,630.0,1904,630,2.6123,<1H OCEAN,167805.0
-119.69,36.82,17,1897,433.0,1207,384,1.8021,INLAND,65234.0
-121.1,39.08,13,1110,216.0,602,209,2.5887,INLAND,128448.0
-118.04,34.15,34,1523,311.0,676,295,3.3621,INLAND,228963.0
-118.26,33.77,36,886,253.0,809,219,2.4545,NEAR OCEAN,154497.0
-117.14,32.71,52,500,,480,108,1.8696,NEAR OCEAN,109580.0
-119.25,34.27,46,679,159.0,382,143,3.5,NEAR OCEAN,227471.0
-118.39,34.04,52,1492,277.0,666,289,4.7386,<1H OCEAN,372275.05
-118.11,34.0,24,2403,590.0,2103,547,2.7292,<1H OCEAN,175494.0
-121.38,38.64,19,4563,1069.0,2256,926,2.1472,INLAND,107811.0
-118.02,34.08,29,2741,667.0,2449,677,3.6944,INLAND,242098.0
-116.94,32.83,38,1701,317.0,872,304,3.7831,<1H OCEAN,159059.0
-121.75,36.91,32,1461,422.0,1494,416,2.8056,<1H OCEAN,158746.0
-118.16,33.78,15,4798,1374.0,3087,1212,2.127,NEAR OCEAN,164176.0
-119.77,36.73,44,1960,393.0,1286,381,2.1518,INLAND,62166.0
-119.46,36.61,13,1348,258.0,719,246,3.625,INLAND,92088.0
-118.5,34.19,35,2720,490.0,1158,445,5.0796,<1H OCEAN,267536.02
-118.34,33.95,25,3762,1281.0,4015,1178,2.1587,<1H OCEAN,146473.0
-116.91,33.71,19,6807,1164.0,2703,1055,3.1591,INLAND,139870.0
-117.12,32.7,14,819,237.0,827,237,1.3194,NEAR OCEAN,90455.0
-121.97,37.36,36,765,134.0,306,136,4.575,<1H OCEAN,264429.01
-122.82,38.53,27,1823,360.0,907,317,3.276,<1H OCEAN,188919.0
-119.06,36.1,21,1344,249.0,868,221,2.5893,INLAND,71821.0
-117.98,33.85,23,2089,377.0,1085,362,4.765,<1H OCEAN,218577.0
-121.43,37.75,30,1912,451.0,1065,388,2.1424,INLAND,84144.0
-116.98,33.93,40,2277,498.0,1391,453,1.9472,INLAND,82975.0
-121.55,39.51,48,827,198.0,396,161,0.8024,INLAND,70814.0
-118.17,33.77,45,2151,643.0,1047,579,3.1149,NEAR OCEAN,321462.04
-117.14,32.76,32,2587,681.0,1246,650,2.1727,NEAR OCEAN,147031.0
-118.13,34.07,32,1880,428.0,1404,424,3.085,<1H OCEAN,215806.0
-117.9,33.65,30,1634,373.0,771,364,3.4125,<1H OCEAN,299570.03
-118.25,33.86,26,3022,476.0,1852,452,6.0531,<1H OCEAN,287300.0
-119.05,34.21,27,4357,926.0,2110,876,3.0119,<1H OCEAN,209130.0
-121.89,37.66,3,1565,464.0,769,461,2.1187,INLAND,153881.0
-118.4,34.05,34,2113,459.0,859,432,3.6953,<1H OCEAN,423376.33
-118.4,33.99,39,1613,380.0,1113,356,2.825,<1H OCEAN,259585.01
-118.23,33.98,30,2562,959.0,3909,955,1.9929,<1H OCEAN,126723.0
-118.25,33.95,48,1766,424.0,1655,420,0.9751,<1H OCEAN,99318.0
-122.27,37.85,52,1974,426.0,875,363,1.5817,NEAR BAY,132830.0
-121.45,38.48,28,2780,510.0,1638,533,2.9571,INLAND,103113.0
-121.36,38.64,24,6540,1008.0,2667,1031,5.5632,INLAND,236354.0
-118.21,34.06,30,511,153.0,1152,149,2.3611,<1H OCEAN,139348.0
-122.75,38.5,16,4196,638.0,1713,615,5.449,<1H OCEAN,247016.0
-122.27,37.51,36,1406,224.0,598,237,5.8964,NEAR OCEAN,389505.15
-122.12,37.68,40,1553,253.0,724,267,4.38,NEAR BAY,198980.0
-121.45,38.56,52,3420,555.0,1301,530,4.0417,INLAND,151943.0
-121.55,38.51,14,5490,851.0,2415,837,6.5253,INLAND,270130.0
-117.87,33.6,35,1598,398.0,782,411,5.1155,<1H OCEAN,368640.27
-118.05,33.72,17,1875,472.0,900,406,5.2589,<1H OCEAN,260279.03
-118.48,34.02,25,1583,460.0,983,422,2.7019,<1H OCEAN,364805.08
-119.67,36.8,9,3712,508.0,1632,474,6.011,INLAND,158068.0
-118.09,33.79,31,4231,617.0,1694,623,6.6312,<1H OCEAN,386198.18
-118.35,34.07,46,1651,410.0,512,397,4.0179,<1H OCEAN,426194.23
-118.2,34.05,40,1082,318.0,1085,273,1.7054,<1H OCEAN,142270.0
-121.01,37.69,20,3275,760.0,1538,705,2.48,INLAND,128793.0
-117.25,34.04,18,5761,1063.0,2763,1058,4.4472,INLAND,140534.0
-122.22,37.78,50,1920,530.0,1525,477,1.4886,NEAR BAY,119188.0
-118.46,33.97,19,2461,521.0,777,447,10.0,<1H OCEAN,481415.55
-117.28,34.17,26,3728,888.0,1765,727,1.7456,INLAND,85656.0
-120.47,34.65,31,1438,320.0,816,270,2.4583,NEAR OCEAN,138920.0
-121.87,37.26,24,2383,343.0,1146,341,5.6223,<1H OCEAN,280009.0
-122.26,38.29,10,969,160.0,482,180,6.5799,NEAR BAY,309769.05
-122.0,38.35,24,745,116.0,300,115,3.6176,INLAND,127045.0
-118.27,34.05,24,323,214.0,751,189,1.8304,<1H OCEAN,211823.0
-118.21,33.96,39,2265,628.0,2323,599,2.1522,<1H OCEAN,157759.0
-118.05,33.78,18,3414,434.0,1272,454,8.7015,<1H OCEAN,402329.15
-121.89,37.25,21,2080,352.0,1040,325,5.2887,<1H OCEAN,266601.0
-118.09,33.76,26,1625,440.0,533,414,1.808,<1H OCEAN,82762.0
-119.56,36.09,35,1648,285.0,792,265,3.2847,INLAND,81004.0
-118.13,33.79,20,6678,1797.0,3625,1599,3.7716,NEAR OCEAN,238986.03
-122.02,37.87,14,3056,369.0,1209,377,8.4352,NEAR BAY,393934.08
-122.26,37.82,31,4596,1331.0,2048,1180,2.8345,NEAR BAY,245094.0
-121.98,37.31,32,2248,460.0,1191,419,5.606,<1H OCEAN,323888.02
-117.34,34.13,29,1494,286.0,991,280,2.125,INLAND,81824.0
-117.01,32.81,26,4499,645.0,1866,626,5.516,<1H OCEAN,224596.0
-117.82,33.78,28,4485,667.0,2048,685,5.4562,<1H OCEAN,247278.01
-122.57,40.61,27,1540,315.0,883,321,2.8036,INLAND,92490.0
-118.18,33.95,39,2121,579.0,1991,528,2.9094,<1H OCEAN,162234.0
-117.39,33.95,35,1599,284.0,721,287,4.125,INLAND,140539.0
-117.35,34.15,32,2699,552.0,2086,551,2.2974,INLAND,82805.0
-117.84,33.73,20,2572,732.0,1534,669,2.4211,<1H OCEAN,170827.0
-119.54,36.52,16,2703,415.0,1106,372,4.2045,INLAND,105626.0
-122.31,37.54,45,1222,220.0,492,205,5.539,NEAR OCEAN,320550.05
-122.4,37.81,12,1349,349.0,536,334,7.7852,NEAR BAY,407428.16
-118.33,34.01,47,1320,259.0,653,291,3.7727,<1H OCEAN,171390.0
-116.92,32.79,24,4055,742.0,2123,744,4.5224,<1H OCEAN,174072.0
-117.13,33.13,17,3164,652.0,1123,699,2.082,<1H OCEAN,145098.01
-118.25,34.13,52,322,88.0,229,89,2.125,<1H OCEAN,237134.06
-121.03,39.37,15,1337,326.0,1172,306,2.6341,INLAND,90864.0
-121.29,37.95,52,288,86.0,272,54,0.696,INLAND,63280.0
-117.88,33.88,15,957,360.0,615,370,3.0263,<1H OCEAN,175612.0
-118.38,34.19,42,1308,289.0,950,302,2.7379,<1H OCEAN,190111.0
-122.09,37.66,40,1340,313.0,766,271,3.4722,NEAR BAY,174995.0
-122.05,39.6,34,2051,342.0,958,322,2.8466,INLAND,82767.0
-117.2,32.77,30,156,45.0,77,40,3.2679,NEAR OCEAN,201656.02
-122.03,37.97,20,3968,931.0,2629,903,2.9915,NEAR BAY,160698.0
-117.24,32.85,18,3117,475.0,904,368,6.7587,NEAR OCEAN,341622.06
-118.53,34.09,37,5477,833.0,1925,757,8.1888,<1H OCEAN,495840.9
-122.29,37.88,50,1211,261.0,523,227,3.8672,NEAR BAY,239597.02
-122.02,37.98,37,1474,343.0,782,331,3.4187,NEAR BAY,149306.0
-122.26,37.48,34,4453,682.0,1805,672,5.6038,NEAR OCEAN,347509.03
-122.33,40.52,23,2801,507.0,1318,454,3.5081,INLAND,107128.0
-119.06,34.23,29,3511,632.0,2591,596,3.0219,<1H OCEAN,206547.0
-121.92,37.96,14,5332,884.0,2093,839,5.2798,INLAND,192222.0
-118.88,34.2,23,4862,597.0,1938,594,7.3409,<1H OCEAN,349145.04
-122.4,40.58,40,3895,929.0,1782,910,1.3329,INLAND,65608.0
-122.3,38.32,20,2063,486.0,1045,460,2.5035,NEAR BAY,151613.0
-120.1,39.37,10,2325,410.0,1016,373,4.5208,INLAND,156601.0
-119.0,36.07,20,1042,183.0,509,175,2.9815,INLAND,89018.0
-117.17,32.77,6,3856,875.0,1547,816,4.5481,NEAR OCEAN,265059.0
-122.04,38.25,32,1203,287.0,571,255,3.0938,INLAND,125121.0
-121.84,39.73,52,502,100.0,311,100,1.5481,INLAND,85401.0
-121.23,37.95,36,811,168.0,514,152,2.625,INLAND,94541.0
-116.27,34.13,37,452,109.0,184,59,3.7292,INLAND,117486.04
-118.01,34.1,27,2424,542.0,1713,557,3.8085,INLAND,226678.0
-120.4,37.92,22,1022,194.0,517,198,3.625,INLAND,132140.0
-118.35,34.1,18,7432,2793.0,3596,2270,2.8036,<1H OCEAN,303651.07
-117.32,33.25,7,2499,420.0,1314,398,4.85,<1H OCEAN,195221.0
-116.9,32.77,8,3600,492.0,1421,482,6.2609,<1H OCEAN,289151.0
-117.08,32.71,27,2204,598.0,1656,521,1.4821,NEAR OCEAN,102578.0
-118.36,33.97,18,1284,283.0,990,289,4.0179,<1H OCEAN,248869.0
-117.41,34.0,26,2372,621.0,1647,612,1.4719,INLAND,95265.0
-117.33,34.06,42,530,123.0,390,124,1.0469,INLAND,80011.0
-122.15,37.74,49,1325,277.0,764,282,3.3125,NEAR BAY,179068.0
-122.07,37.39,19,1465,342.0,646,345,4.712,NEAR BAY,278498.04
-121.51,38.55,46,1485,278.0,531,291,2.7885,INLAND,117942.0
-117.15,34.05,9,1442,219.0,633,230,5.0227,INLAND,141060.0
-121.45,38.51,29,4221,901.0,2294,850,2.2245,INLAND,86933.0
-122.05,36.87,18,2232,440.0,1091,458,3.8269,NEAR OCEAN,257789.0
-121.83,37.23,22,5507,841.0,2785,848,6.0889,<1H OCEAN,272337.0
-118.36,33.95,42,2532,627.0,2038,591,2.875,<1H OCEAN,156989.0
-117.18,33.16,15,5923,1206.0,3943,1006,3.1793,<1H OCEAN,174097.0
-117.58,34.09,27,754,200.0,746,185,1.9531,INLAND,102283.0
-121.9,38.04,36,1489,331.0,838,259,1.2024,INLAND,86793.0
-117.46,34.14,10,714,131.0,381,119,0.8926,INLAND,121033.0
-118.43,33.98,19,8324,1590.0,2927,1538,7.5426,<1H OCEAN,426378.46
-122.14,39.65,33,419,77.0,190,67,3.6429,INLAND,111290.0
-122.13,39.74,20,1401,280.0,668,250,2.2569,INLAND,82777.0
-121.83,37.3,17,1299,211.0,825,217,4.5,<1H OCEAN,222599.05
-118.1,33.99,31,965,217.0,599,206,2.7202,<1H OCEAN,170626.0
-122.46,37.7,37,1028,275.0,904,261,3.5035,NEAR OCEAN,239730.0
-118.28,34.24,29,3390,580.0,1543,576,5.6184,<1H OCEAN,284611.05
-121.93,37.89,13,2085,292.0,852,264,7.3445,INLAND,312973.0
-118.5,34.03,52,1711,245.0,671,242,7.7572,<1H OCEAN,487304.78
-121.29,38.12,18,1534,275.0,741,263,3.9607,INLAND,150931.0
-117.22,32.85,26,1647,261.0,694,259,4.6875,NEAR OCEAN,221586.0
-122.47,37.77,52,3143,635.0,1350,623,3.8571,NEAR BAY,412752.22
-118.38,34.07,16,4814,1381.0,1897,1209,3.3725,<1H OCEAN,409269.26
-117.91,34.08,35,1443,266.0,861,262,3.5795,<1H OCEAN,196478.0
-118.32,34.1,52,786,270.0,756,273,2.2311,<1H OCEAN,239792.0
-121.36,38.01,16,2178,667.0,1192,579,2.3339,INLAND,112581.0
-118.12,33.99,27,2316,559.0,2012,544,2.8155,<1H OCEAN,181936.0
-118.14,33.91,34,1766,410.0,974,404,3.0703,<1H OCEAN,204500.0
-122.2,37.79,35,1802,459.0,1009,390,2.3036,NEAR BAY,121325.0
-118.13,34.19,42,2203,412.0,1012,377,4.0714,INLAND,252540.0
-118.9,35.41,6,4656,971.0,2320,935,3.0938,INLAND,88660.0
-114.61,34.83,31,2478,464.0,1346,479,3.212,INLAND,84784.0
-118.14,33.78,44,2101,496.0,1038,500,3.108,NEAR OCEAN,276491.01
-121.12,35.58,16,4109,798.0,1298,626,3.4799,NEAR OCEAN,257602.0
-117.65,34.04,15,3393,,2039,611,3.9336,INLAND,160476.0
-121.84,37.37,28,1579,339.0,1252,353,4.1615,<1H OCEAN,181366.01
-118.27,33.79,39,1513,365.0,1227,354,3.3929,<1H OCEAN,166956.0
-120.56,38.48,14,3545,702.0,946,411,3.4609,INLAND,126869.0
-121.39,39.61,22,2828,610.0,986,391,2.8871,INLAND,88354.0
-116.92,32.76,7,1659,237.0,862,242,5.2741,<1H OCEAN,186199.0
-121.29,37.96,52,888,324.0,630,258,1.2411,INLAND,92133.0
-118.03,33.78,25,3554,528.0,1600,537,6.6453,<1H OCEAN,315317.0
-117.83,33.68,4,3226,838.0,1666,800,4.1652,<1H OCEAN,292300.21
-121.79,36.64,11,32627,6445.0,28566,6082,2.3087,<1H OCEAN,156313.0
-118.43,34.02,42,1528,244.0,634,242,8.1631,<1H OCEAN,498304.93
-121.9,36.97,21,3707,751.0,1420,608,4.4485,NEAR OCEAN,287702.01
-121.95,37.33,31,1866,465.0,821,447,2.3547,<1H OCEAN,227496.0
-121.91,37.42,19,1684,387.0,1224,376,4.1389,<1H OCEAN,201566.0
-117.07,33.12,21,4578,927.0,2818,900,3.1458,<1H OCEAN,161475.0
-118.09,33.77,27,2301,640.0,847,627,1.7208,<1H OCEAN,102735.02
-118.32,33.82,22,2508,402.0,1254,395,7.0935,<1H OCEAN,376804.21
-118.12,34.04,34,2103,427.0,1355,434,4.5795,<1H OCEAN,211075.0
-118.22,33.89,37,797,190.0,485,166,2.7434,<1H OCEAN,121799.0
-121.86,36.63,37,338,109.0,231,100,2.5313,<1H OCEAN,201723.0
-122.43,37.74,52,2229,498.0,1079,472,5.0196,NEAR BAY,335694.0
-119.19,36.06,29,1815,376.0,1421,339,1.9091,INLAND,50129.0
-117.93,33.65,26,5831,1546.0,4738,1477,3.1483,<1H OCEAN,225148.0
-121.09,37.61,42,1787,296.0,921,287,3.8864,INLAND,149116.0
-122.07,37.67,27,3239,671.0,1469,616,3.2465,NEAR BAY,223280.0
-121.18,37.79,16,1326,286.0,509,297,1.9464,INLAND,116368.0
-120.61,35.11,11,3733,831.0,1839,739,3.3062,<1H OCEAN,200977.0
-117.69,34.05,10,1875,366.0,1055,363,4.3264,INLAND,155137.0
-117.14,33.39,17,2889,587.0,1931,510,3.8547,<1H OCEAN,214267.0
-122.95,40.67,17,1498,331.0,574,242,2.0268,INLAND,79495.0
-118.41,33.96,32,1044,219.0,567,222,4.1471,<1H OCEAN,325237.04
-119.76,36.8,20,6257,1346.0,2795,1267,2.2094,INLAND,75718.0
-117.18,32.83,31,1772,353.0,1090,350,3.9265,NEAR OCEAN,183558.0
-117.9,34.01,27,1702,381.0,2091,352,3.7917,<1H OCEAN,161903.0
-122.04,37.36,26,3298,460.0,1241,472,6.8753,<1H OCEAN,393791.12
-118.46,34.04,17,2729,897.0,1404,758,3.1235,<1H OCEAN,347763.06
-122.2,39.93,9,1296,287.0,768,260,1.9191,INLAND,91763.0
-117.77,33.51,29,3590,772.0,1070,603,4.4464,<1H OCEAN,375578.08
-121.99,37.26,17,4034,611.0,1158,560,8.2069,<1H OCEAN,410095.16
-117.38,33.14,14,5039,1373.0,1298,696,3.209,NEAR OCEAN,227279.02
-119.76,36.75,39,2233,563.0,2031,491,1.8641,INLAND,56965.0
-117.39,33.69,5,6529,997.0,3464,1006,5.3275,<1H OCEAN,243593.0
-117.05,34.02,21,3098,646.0,1351,614,2.598,INLAND,100832.0
-121.42,38.62,33,3171,832.0,1591,695,2.0786,INLAND,97430.0
-117.93,34.05,32,3055,623.0,1902,565,4.2926,<1H OCEAN,197305.0
-122.41,37.8,30,1821,738.0,1648,684,0.8836,NEAR BAY,275854.32
-122.11,37.67,36,2110,389.0,952,370,3.8,NEAR BAY,196079.0
-119.61,36.56,34,1911,497.0,1886,481,1.625,INLAND,52256.0
-118.01,34.06,26,557,153.0,455,196,2.7721,INLAND,182620.0
-118.19,33.99,37,2073,614.0,2544,598,2.9054,<1H OCEAN,160184.0
-118.31,34.03,46,2173,510.0,1343,476,2.025,<1H OCEAN,142640.0
-122.04,37.66,23,2419,348.0,1066,384,6.3501,NEAR BAY,300570.01
-122.07,37.06,31,1634,370.0,939,332,3.8625,NEAR OCEAN,236093.0
-121.65,37.12,14,4721,999.0,2648,888,3.6895,<1H OCEAN,213056.0
-122.37,37.59,39,4645,1196.0,2156,1113,3.4412,NEAR OCEAN,362984.04
-118.4,33.96,43,2416,454.0,1028,409,5.6732,<1H OCEAN,390792.21
-118.32,33.34,52,996,264.0,341,160,2.7361,ISLAND,310332.04
-118.88,35.34,20,1351,255.0,762,253,2.1111,INLAND,61889.98
-118.4,33.87,40,1679,372.0,719,385,6.435,<1H OCEAN,463086.39
-121.37,38.68,34,1086,187.0,663,190,3.3074,INLAND,100502.0
-122.1,37.39,36,1860,367.0,794,366,5.0871,NEAR BAY,307028.1
-119.81,36.78,36,1650,313.0,660,298,3.0,INLAND,72909.0
-117.16,33.54,4,4952,1000.0,2912,943,3.7538,<1H OCEAN,194318.01
-117.95,33.78,32,2296,560.0,1376,532,3.7303,<1H OCEAN,193515.0
-122.18,37.46,40,2529,293.0,831,258,15.0001,NEAR BAY,500001.0
-118.32,33.97,46,1504,270.0,814,306,4.3919,<1H OCEAN,169377.0
-117.99,33.88,25,3401,509.0,1503,498,6.6704,<1H OCEAN,313411.0
-118.26,34.23,33,1805,303.0,838,301,5.4306,<1H OCEAN,276863.02
-120.97,37.67,31,1648,293.0,792,294,2.4,INLAND,111814.0
-117.81,34.01,12,9197,1642.0,4332,1554,4.9589,<1H OCEAN,233520.0
-118.51,34.19,38,2182,409.0,1141,379,4.2865,<1H OCEAN,234732.01
-118.17,33.77,45,2508,797.0,1340,720,2.6786,NEAR OCEAN,211351.0
-117.19,33.9,3,21060,3366.0,9623,2812,4.189,INLAND,151710.0
-121.01,37.61,5,3655,696.0,2316,647,3.4703,INLAND,137251.0
-119.69,34.42,17,1826,544.0,1325,532,1.2762,<1H OCEAN,213915.04
-118.27,33.93,41,570,135.0,466,121,2.6458,<1H OCEAN,119523.0
-117.81,33.73,19,5471,1345.0,2828,1247,3.5719,<1H OCEAN,167145.0
-118.9,34.3,13,5591,1013.0,3188,971,5.5925,<1H OCEAN,280772.01
-117.14,32.76,24,3523,991.0,1775,873,2.1273,NEAR OCEAN,148091.0
-117.27,34.42,9,5643,1005.0,3166,957,3.2077,INLAND,106934.0
-122.06,37.35,31,1795,281.0,872,282,8.0599,<1H OCEAN,479430.62
-118.12,33.83,44,1712,314.0,691,293,4.3594,<1H OCEAN,250247.0
-118.84,34.11,12,7508,1058.0,2484,965,5.8788,NEAR OCEAN,362405.1
-120.6,35.11,17,2495,524.0,1292,501,2.2625,<1H OCEAN,144400.0
-119.77,36.76,40,2009,519.0,2219,505,1.2101,INLAND,52520.0
-117.81,33.84,17,4343,515.0,1605,484,10.5981,<1H OCEAN,460831.58
-117.05,32.68,19,1469,275.0,1010,292,3.5664,NEAR OCEAN,132517.0
-117.94,33.92,32,1053,207.0,1038,222,4.6696,<1H OCEAN,173537.0
-119.63,34.42,42,1765,263.0,753,260,8.5608,<1H OCEAN,495819.92
-121.56,39.51,47,1064,245.0,603,190,1.3654,INLAND,63261.0
-117.96,33.83,34,982,148.0,498,156,6.3214,<1H OCEAN,260247.0
-118.16,34.09,36,3334,920.0,2881,800,2.1696,<1H OCEAN,167094.0
-117.06,32.81,17,3939,550.0,1694,553,6.7927,<1H OCEAN,293360.0
-119.83,34.44,35,796,281.0,567,257,2.1389,NEAR OCEAN,243478.0
-118.44,34.22,39,1529,344.0,913,314,3.325,<1H OCEAN,192502.0
-122.0,38.83,26,272,49.0,194,52,3.4187,INLAND,128803.0
-118.45,34.25,34,2094,380.0,1207,380,5.2801,<1H OCEAN,224760.0
-118.18,34.09,44,1688,426.0,1605,384,3.3785,<1H OCEAN,167089.0
-122.41,37.75,9,1282,334.0,1176,305,2.6538,NEAR BAY,229635.01
-119.02,36.05,22,2078,431.0,1336,456,2.2202,INLAND,64022.0
-121.79,38.69,23,1755,321.0,1061,313,2.8864,INLAND,115342.0
-117.66,34.15,25,3430,485.0,1284,438,8.5282,INLAND,344784.01
-117.76,34.05,36,2910,819.0,3055,782,1.9029,INLAND,111217.0
-121.78,37.69,34,2358,498.0,1157,461,3.3618,INLAND,168456.0
-121.38,38.59,36,2253,434.0,1018,426,3.2596,INLAND,121792.0
-117.87,33.92,17,4575,764.0,2054,737,6.0571,<1H OCEAN,288395.0
-117.13,33.14,12,2258,456.0,1147,433,4.0495,<1H OCEAN,175494.0
-122.33,37.98,3,2850,544.0,1024,515,6.0115,NEAR BAY,295532.02
-118.18,34.13,52,2228,475.0,1311,452,3.5341,<1H OCEAN,212695.0
-121.83,37.27,14,2855,380.0,1420,383,6.6712,<1H OCEAN,322561.04
-120.76,38.65,17,2319,430.0,1126,372,3.5511,INLAND,146695.0
-121.24,37.97,47,886,196.0,517,188,2.1991,INLAND,95848.0
-122.11,37.7,29,1298,306.0,835,338,2.3274,NEAR BAY,172072.0
-117.14,32.9,16,3217,,2054,687,4.2234,<1H OCEAN,175861.01
-121.47,38.56,52,889,162.0,273,145,3.125,INLAND,164361.0
-118.21,33.9,43,1810,357.0,1335,358,3.1189,<1H OCEAN,145452.0
-117.93,33.75,24,1380,339.0,1472,304,4.2219,<1H OCEAN,175679.0
-122.24,37.75,45,891,,384,146,4.9489,NEAR BAY,278326.02
-117.22,33.81,4,9911,1946.0,5145,1661,3.4237,INLAND,146354.0
-118.03,33.83,25,768,195.0,529,184,3.175,<1H OCEAN,209055.0
-118.31,34.01,39,2073,566.0,1246,547,2.0417,<1H OCEAN,123855.0
-117.23,33.23,13,2899,657.0,1946,579,2.9875,<1H OCEAN,147069.0
-122.93,38.02,28,1284,265.0,628,219,3.5469,NEAR OCEAN,246381.0
-121.45,38.69,32,2962,526.0,1542,521,2.2243,INLAND,97643.0
-122.01,37.4,24,1297,297.0,441,282,3.1439,<1H OCEAN,219721.0
-121.47,38.51,52,20,4.0,74,9,3.625,INLAND,245500.28
-121.44,37.76,5,7264,1285.0,3670,1146,5.0443,INLAND,195093.0
-122.57,37.99,45,2404,425.0,926,400,4.9674,NEAR BAY,321911.05
-122.13,37.4,29,6027,1195.0,2687,1171,5.1335,NEAR BAY,346047.05
-118.3,34.17,16,1353,398.0,1211,357,3.1551,<1H OCEAN,213376.02
-117.29,34.13,52,2424,528.0,1171,455,1.4815,INLAND,77336.0
-122.05,37.36,34,2400,419.0,1017,384,4.1369,<1H OCEAN,294341.01
-118.15,33.8,44,1886,399.0,1167,372,3.1042,NEAR OCEAN,216764.0
-118.0,33.81,17,1530,404.0,883,344,2.8835,<1H OCEAN,186827.0
-117.96,33.76,22,2520,556.0,2126,527,3.7734,<1H OCEAN,176316.0
-118.11,34.14,52,2401,332.0,810,308,6.0948,<1H OCEAN,427611.16
-120.69,38.44,13,1473,265.0,597,228,4.2917,INLAND,151303.0
-117.04,32.98,16,1332,196.0,640,193,6.0226,<1H OCEAN,222215.02
-122.4,37.6,30,5351,1134.0,2558,1074,3.5817,NEAR OCEAN,322108.06
-118.6,34.23,19,8866,2355.0,5005,2194,3.2564,<1H OCEAN,220154.0
-118.5,34.15,33,3104,387.0,1111,376,13.4196,<1H OCEAN,500001.0
-118.32,33.9,37,1664,401.0,1316,409,3.0526,<1H OCEAN,178058.0
-122.64,41.73,36,3319,664.0,1492,631,1.8694,INLAND,58010.0
-117.97,33.77,25,1295,417.0,856,342,2.7157,<1H OCEAN,196645.0
-118.09,33.9,37,1147,258.0,742,242,4.0461,<1H OCEAN,172165.0
-120.75,37.37,32,1656,317.0,1037,286,2.4964,INLAND,90620.0
-121.39,36.16,28,1057,249.0,288,130,3.0526,NEAR OCEAN,287148.05
-122.3,37.91,39,2686,569.0,1159,559,2.9441,NEAR BAY,193454.0
-118.25,34.15,15,3712,1005.0,1888,890,3.6875,<1H OCEAN,241848.0
-121.48,38.58,42,1823,566.0,761,503,1.245,INLAND,97593.0
-121.94,37.29,22,2593,637.0,1249,623,3.75,<1H OCEAN,271109.0
-118.35,33.92,24,2728,845.0,2023,773,2.75,<1H OCEAN,206417.0
-118.92,34.18,17,2400,352.0,1067,323,6.3522,<1H OCEAN,293264.01
-122.5,37.74,44,2374,496.0,1087,426,3.5,NEAR OCEAN,279203.0
-118.33,34.15,44,1321,303.0,471,301,4.2679,<1H OCEAN,414040.11
-118.23,34.05,52,346,270.0,346,251,2.5313,<1H OCEAN,158781.0
-117.15,33.02,4,15029,2279.0,5613,1696,7.2731,NEAR OCEAN,332118.04
-118.22,33.99,24,1402,482.0,1976,466,2.6964,<1H OCEAN,159939.0
-116.54,33.81,31,6814,1714.0,2628,1341,2.1176,INLAND,90798.0
-118.02,33.85,31,1922,329.0,1030,353,5.3416,<1H OCEAN,233396.0
-122.05,37.36,29,1733,255.0,679,278,7.5337,<1H OCEAN,425160.37
-122.28,37.51,33,4719,,1980,757,6.1064,NEAR OCEAN,439173.5
-118.86,34.07,16,1409,244.0,970,172,8.0144,NEAR OCEAN,460798.62
-122.65,38.97,32,1856,472.0,703,292,1.1912,INLAND,73786.0
-121.91,37.69,23,2179,308.0,926,299,5.9345,<1H OCEAN,271536.01
-120.43,34.87,21,2131,329.0,1094,353,4.6648,<1H OCEAN,185725.0
-122.44,37.79,52,2045,353.0,722,327,8.0755,NEAR BAY,478438.83
-117.02,32.78,31,2567,,1198,499,3.4659,<1H OCEAN,163955.0
-117.83,33.82,23,1100,285.0,940,267,3.6953,<1H OCEAN,189467.0
-117.08,32.69,31,2558,487.0,1938,492,3.4875,NEAR OCEAN,123964.0
-120.1,39.19,17,1480,241.0,202,80,3.9375,INLAND,155900.0
-122.65,38.99,16,4279,951.0,1596,666,1.8571,INLAND,96377.0
-115.69,32.79,18,1564,340.0,1161,343,2.1792,INLAND,68284.0
-121.66,36.37,9,1580,287.0,465,208,6.1668,<1H OCEAN,292175.06
-122.39,40.52,24,2068,346.0,951,332,3.9306,INLAND,122110.0
-116.29,33.72,5,3584,760.0,1097,470,3.1771,INLAND,125695.0
-117.71,33.63,16,1565,274.0,950,280,5.8399,<1H OCEAN,265556.01
-121.8,37.31,21,2630,446.0,1789,389,5.0543,<1H OCEAN,242918.04
-116.46,33.78,33,2565,745.0,2301,638,2.5477,INLAND,107584.0
-118.31,33.83,45,2929,755.0,1635,652,2.9375,<1H OCEAN,229389.0
-120.25,36.65,31,1177,221.0,744,223,2.4937,INLAND,75547.0
-118.08,33.98,36,1492,282.0,1041,270,4.0677,<1H OCEAN,171962.0
-121.85,37.26,16,1982,280.0,1030,297,6.4339,<1H OCEAN,267485.0
-121.73,36.93,29,2931,535.0,1954,506,3.2917,<1H OCEAN,181875.0
-118.38,34.03,44,1913,441.0,1295,432,3.9537,<1H OCEAN,282768.03
-118.04,33.83,19,4526,830.0,2318,748,4.6681,<1H OCEAN,216108.0
-122.49,38.27,8,5092,988.0,1657,936,3.5625,NEAR BAY,231694.0
-120.08,39.61,32,1404,247.0,544,201,2.7778,INLAND,77006.0
-116.6,33.06,23,1731,365.0,612,258,2.7813,INLAND,128773.0
-118.37,34.18,42,1140,300.0,643,252,3.3958,<1H OCEAN,212151.0
-117.12,32.75,13,2795,773.0,1869,690,2.1767,NEAR OCEAN,114968.0
-121.91,37.23,22,2614,453.0,1240,462,6.0712,<1H OCEAN,291293.0
-119.78,36.71,35,1987,394.0,1233,383,1.3587,INLAND,58453.0
-118.25,34.07,18,4297,1420.0,4332,1286,2.2545,<1H OCEAN,206013.0
-121.68,36.72,12,19234,4492.0,12153,4372,3.2652,<1H OCEAN,194287.0
-118.19,33.91,35,2695,748.0,2935,706,2.0134,<1H OCEAN,133782.01
-119.73,34.44,48,2114,390.0,973,367,4.8021,NEAR OCEAN,322529.03
-116.94,32.84,32,1607,253.0,778,262,4.5278,<1H OCEAN,163819.0
-120.19,39.32,16,1536,298.0,646,208,2.3594,INLAND,113079.0
-118.36,34.18,34,1471,423.0,995,386,2.9583,<1H OCEAN,205653.0
-122.09,37.36,37,2269,325.0,930,321,7.5274,NEAR BAY,479388.76
-122.28,37.83,52,1511,390.0,901,403,1.4103,NEAR BAY,117917.0
-121.19,39.05,14,1131,193.0,520,178,3.9,INLAND,167579.0
-122.27,37.77,52,1731,377.0,872,363,4.1667,NEAR BAY,258086.0
-118.16,34.19,44,2195,449.0,1377,417,3.5887,<1H OCEAN,216117.0
-118.18,34.04,44,1079,275.0,1249,249,3.0417,<1H OCEAN,143787.0
-121.06,40.23,23,1127,225.0,215,85,3.4844,INLAND,98787.0
-120.06,37.02,13,6301,1080.0,3840,1033,3.5258,INLAND,101963.0
-121.97,37.36,34,884,153.0,534,154,6.0116,<1H OCEAN,307179.0
-117.09,32.7,15,869,217.0,887,216,1.4583,NEAR OCEAN,107054.0
-122.43,37.76,52,3708,849.0,1531,822,3.3565,NEAR BAY,379961.06
-122.1,37.68,37,2116,503.0,1109,448,2.535,NEAR BAY,179859.0
-118.31,33.92,35,1307,246.0,672,219,4.8456,<1H OCEAN,164701.0
-117.35,34.04,14,2991,522.0,1729,537,3.5139,INLAND,118588.0
-117.91,34.04,15,8749,1761.0,5278,1691,4.6324,<1H OCEAN,235552.0
-118.08,34.0,32,1165,358.0,997,361,0.9817,<1H OCEAN,167508.0
-120.62,37.35,18,874,203.0,572,190,1.6833,INLAND,93981.0
-117.66,35.63,33,2579,564.0,1155,431,2.0441,INLAND,67862.0
-122.68,38.43,18,2723,529.0,1150,520,3.5885,<1H OCEAN,174643.0
-118.4,34.09,45,2686,283.0,857,259,15.0001,<1H OCEAN,500001.0
-118.35,34.03,43,2122,524.0,1510,436,2.2273,<1H OCEAN,142757.0
-121.95,37.32,20,1145,198.0,431,173,3.1103,<1H OCEAN,240995.0
-117.07,32.71,26,4151,823.0,2822,697,2.8372,NEAR OCEAN,128879.0
-117.71,34.12,20,11250,1893.0,4952,1859,5.6785,INLAND,225903.0
-121.95,37.52,33,3994,764.0,2721,763,5.2308,<1H OCEAN,244815.0
-121.35,38.51,29,2337,391.0,1054,352,4.2206,INLAND,142343.0
-122.01,37.37,25,2213,360.0,1066,390,7.2165,<1H OCEAN,348177.02
-118.31,34.26,41,1297,327.0,733,315,3.0583,<1H OCEAN,229405.0
-122.04,37.35,20,2016,313.0,767,310,6.837,<1H OCEAN,348235.05
-117.03,32.72,38,886,176.0,505,188,3.5938,NEAR OCEAN,139854.0
-118.61,34.21,33,2609,431.0,1208,406,5.4527,<1H OCEAN,263316.01
-121.36,38.39,10,5121,763.0,2568,758,5.2447,INLAND,180194.0
-118.26,33.91,39,935,210.0,711,193,2.4375,<1H OCEAN,104368.0
-117.21,34.51,17,4379,629.0,1720,595,5.086,INLAND,188582.0
-122.21,38.1,36,3018,557.0,1445,556,3.8029,NEAR BAY,135649.0
-117.98,33.84,35,984,179.0,661,199,5.0747,<1H OCEAN,204244.0
-122.4,37.76,52,1529,385.0,1347,348,2.9312,NEAR BAY,249600.0
-118.33,34.15,39,493,168.0,259,138,2.3667,<1H OCEAN,256312.08
-118.36,33.92,26,3695,1144.0,2308,1009,2.6667,<1H OCEAN,202507.0
-122.07,37.67,38,2104,409.0,1039,394,3.875,NEAR BAY,202733.0
-117.39,34.13,9,2228,398.0,1316,370,4.1632,INLAND,135813.0
-121.1,38.92,21,4064,871.0,1847,859,3.0321,INLAND,138875.0
-121.28,37.96,28,1942,724.0,1618,638,0.9365,INLAND,76906.0
-117.68,34.07,32,1775,314.0,1067,302,4.0375,INLAND,143673.0
-118.5,34.19,26,2156,509.0,1142,470,4.0,<1H OCEAN,247082.0
-122.35,37.93,28,1995,488.0,1182,439,2.3352,NEAR BAY,106841.0
-117.18,32.69,48,2764,491.0,978,449,5.1249,NEAR OCEAN,422275.34
-121.87,39.74,7,1737,290.0,747,265,3.9,INLAND,122966.0
-118.01,34.55,2,2701,530.0,1368,430,4.071,INLAND,165109.0
-117.95,33.99,15,3978,692.0,2418,665,5.0142,<1H OCEAN,233511.0
-124.14,41.95,21,2696,578.0,1208,494,2.275,NEAR OCEAN,94260.0
-120.79,38.83,15,1374,291.0,709,239,1.7222,INLAND,106888.0
-121.38,38.49,11,8537,1643.0,4224,1648,2.9647,INLAND,114658.0
-118.13,34.18,52,1464,211.0,603,226,5.8309,INLAND,308488.01
-117.28,34.09,44,376,,273,107,2.2917,INLAND,84950.0
-117.14,32.71,52,1225,332.0,955,321,1.6011,NEAR OCEAN,92130.0
-122.42,38.31,18,1479,246.0,550,217,4.7356,NEAR BAY,229653.0
-119.61,36.33,32,1492,284.0,926,264,3.0139,INLAND,75881.0
-117.89,34.07,35,834,137.0,392,123,4.5179,<1H OCEAN,185670.0
-118.37,34.21,36,2080,455.0,1939,484,4.2875,<1H OCEAN,188894.0
-124.17,40.62,32,1595,309.0,706,277,2.8958,NEAR OCEAN,90522.0
-121.17,37.97,28,1374,248.0,769,229,3.6389,INLAND,149307.0
-121.51,38.54,34,2815,479.0,1075,471,3.9792,INLAND,166145.0
-122.18,37.78,50,1642,322.0,713,284,3.2984,NEAR BAY,182917.0
-118.44,34.06,13,4833,1119.0,1649,807,6.2389,<1H OCEAN,358318.11
-122.27,37.85,47,1375,307.0,843,319,1.3785,NEAR BAY,134552.0
-121.47,38.52,42,2316,515.0,1597,522,1.8205,INLAND,71840.0
-122.13,38.26,40,1538,255.0,669,263,3.3281,NEAR BAY,134408.0
-122.05,37.33,21,2052,346.0,933,351,5.3167,<1H OCEAN,331723.01
-118.32,34.1,30,2193,965.0,2197,836,1.8277,<1H OCEAN,227448.01
-117.02,32.71,20,4050,745.0,2870,761,3.7366,NEAR OCEAN,135952.0
-122.01,37.18,37,3852,652.0,1534,567,5.8596,<1H OCEAN,386427.08
-122.09,37.4,26,3218,1021.0,2087,964,3.2875,NEAR BAY,265599.01
-118.27,33.99,38,1407,447.0,1783,402,1.8086,<1H OCEAN,100029.0
-118.19,33.95,41,1368,309.0,1244,312,3.0833,<1H OCEAN,156138.0
-117.23,32.99,17,2718,326.0,1011,319,15.0001,NEAR OCEAN,492982.79
-114.6,33.62,16,3741,801.0,2434,824,2.6797,INLAND,76956.0
-118.16,34.17,52,1193,228.0,703,221,3.1741,<1H OCEAN,208761.0
-122.47,37.78,52,2275,412.0,1166,424,4.0652,NEAR BAY,398956.02
-118.32,34.1,28,1759,716.0,1463,620,1.7306,<1H OCEAN,212852.01
-117.67,33.51,18,1645,393.0,1490,355,3.4792,<1H OCEAN,179671.0
-122.47,37.74,52,3797,668.0,1633,658,5.6787,NEAR BAY,429711.43
-117.22,32.81,21,1703,335.0,902,369,3.7813,NEAR OCEAN,216114.01
-122.28,37.87,52,589,132.0,288,131,3.5156,NEAR BAY,200592.0
-118.34,34.04,42,1681,360.0,987,337,2.6,<1H OCEAN,174313.0
-118.4,34.03,13,6152,1978.0,3397,1845,3.4058,<1H OCEAN,295035.04
-117.85,33.76,33,1866,327.0,1053,371,4.5461,<1H OCEAN,214003.01
-117.26,32.81,25,2076,586.0,1060,554,2.8421,NEAR OCEAN,241542.01
-118.43,34.05,52,1693,290.0,727,305,6.7115,<1H OCEAN,451018.55
-122.74,38.45,25,2696,496.0,1296,514,4.0798,<1H OCEAN,203728.0
-119.18,34.21,46,2062,484.0,1522,469,3.087,NEAR OCEAN,190365.0
-122.49,37.69,35,2576,443.0,1273,433,4.7391,NEAR OCEAN,274947.0
-117.51,33.88,24,3044,602.0,2541,564,4.131,INLAND,155773.01
-117.4,34.0,24,2316,599.0,1829,532,1.6955,INLAND,94442.0
-122.19,37.76,49,1368,282.0,790,269,1.7056,NEAR BAY,86174.0
-116.97,32.56,23,1262,294.0,5176,275,2.5625,NEAR OCEAN,139983.0
-122.32,37.92,22,1119,220.0,565,199,3.3594,NEAR BAY,230145.05
-121.78,37.69,35,2853,588.0,1761,572,4.3533,INLAND,182176.0
-118.26,33.97,44,1246,308.0,1031,295,1.9556,<1H OCEAN,99432.0
-122.69,38.37,8,6322,1001.0,2969,1043,4.8233,<1H OCEAN,203968.0
-118.25,33.99,41,2215,544.0,2054,480,1.5272,<1H OCEAN,99486.0
-117.06,32.63,29,4168,742.0,2096,713,4.2204,NEAR OCEAN,164305.0
-118.22,33.9,22,312,107.0,583,119,1.9423,<1H OCEAN,127137.0
-118.32,34.06,52,955,100.0,457,120,15.0001,<1H OCEAN,499831.99
-117.14,33.18,11,5546,974.0,2300,970,3.7109,<1H OCEAN,186708.0
-118.14,33.97,31,1161,267.0,1175,282,3.0114,<1H OCEAN,173426.0
-117.19,34.27,16,7961,1147.0,879,280,5.2146,INLAND,172186.0
-122.72,38.43,31,2020,476.0,1408,437,2.5735,<1H OCEAN,160692.0
-122.09,37.64,36,1885,307.0,853,271,4.1141,NEAR BAY,198823.03
-117.27,34.13,36,3337,687.0,2388,589,2.9628,INLAND,90910.0
-116.98,32.75,25,4137,662.0,1905,630,4.375,<1H OCEAN,178186.0
-122.12,37.82,26,2269,317.0,918,313,6.6657,NEAR BAY,346103.04
-121.96,37.95,25,4026,791.0,1850,709,4.1483,INLAND,184393.0
-117.31,33.16,17,1704,263.0,781,281,5.6605,NEAR OCEAN,306830.06
-124.15,40.8,47,1486,335.0,765,329,1.755,NEAR OCEAN,66564.0
-117.76,35.63,12,2014,372.0,1027,356,3.9261,INLAND,87257.0
-121.49,38.63,6,12197,2617.0,5634,2329,3.7449,INLAND,138984.0
-119.25,36.32,32,1821,345.0,812,299,2.75,INLAND,77834.0
-120.62,38.71,10,6305,1150.0,2597,921,4.0197,INLAND,152762.0
-118.18,33.8,15,2407,589.0,1591,506,3.0513,NEAR OCEAN,196293.0
-118.06,33.99,47,1588,309.0,827,292,3.7833,<1H OCEAN,196048.0
-122.11,37.7,19,2693,789.0,1765,724,2.4206,NEAR BAY,170211.0
-119.33,35.6,32,2703,683.0,2682,675,1.4619,INLAND,53411.0
-118.41,33.92,22,2340,584.0,1141,554,4.5729,<1H OCEAN,355649.01
-121.99,37.53,25,5405,939.0,2831,923,5.0423,<1H OCEAN,247556.0
-119.82,34.45,24,3592,533.0,1683,528,6.7247,NEAR OCEAN,389867.14
-117.08,32.75,20,1989,508.0,1452,462,2.0077,NEAR OCEAN,110843.0
-117.21,32.8,34,1398,222.0,532,244,3.7102,NEAR OCEAN,209872.04
-117.0,32.76,31,2545,373.0,956,342,4.3977,<1H OCEAN,186522.0
-120.35,36.16,18,1519,296.0,846,272,2.7792,INLAND,76806.0
-117.08,33.12,37,1060,268.0,823,229,1.8363,<1H OCEAN,137067.0
-118.39,34.03,25,3442,1050.0,1890,914,3.0574,<1H OCEAN,331202.1
-121.3,37.98,47,2373,461.0,990,444,4.175,INLAND,155275.0
-119.85,34.4,14,2307,650.0,5723,615,2.1652,NEAR OCEAN,216107.02
-117.64,33.45,26,1528,,607,218,6.2871,NEAR OCEAN,324391.1
-117.73,34.07,33,1921,489.0,1430,467,2.3406,INLAND,121048.0
-118.31,33.87,27,3348,695.0,1545,625,4.7543,<1H OCEAN,271221.0
-118.1,34.06,36,1463,369.0,1492,366,3.25,<1H OCEAN,166880.0
-121.97,37.77,13,7241,1007.0,3221,947,7.2216,<1H OCEAN,342866.02
-122.08,37.4,52,766,203.0,448,196,2.5208,NEAR BAY,202892.0
-121.92,37.72,4,7477,1576.0,2937,1506,5.1437,<1H OCEAN,257776.0
-117.8,33.69,13,1161,289.0,630,296,3.3438,<1H OCEAN,207056.02
-117.89,33.74,32,1562,365.0,2145,347,2.9167,<1H OCEAN,165519.0
-118.09,34.12,45,2966,415.0,1231,409,7.8347,<1H OCEAN,477505.58
-117.26,33.02,9,4632,759.0,1724,685,6.3712,NEAR OCEAN,329252.06
-118.06,33.82,24,3983,675.0,1568,638,4.6458,<1H OCEAN,222594.0
-117.59,33.41,17,2248,448.0,878,423,5.1298,NEAR OCEAN,324643.08
-117.39,33.98,37,2337,452.0,948,437,3.145,INLAND,122769.0
-118.54,34.25,26,2639,378.0,1191,401,6.2788,<1H OCEAN,297123.0
-122.23,38.12,49,2715,435.0,1006,429,4.2308,NEAR BAY,175566.0
-118.11,33.89,35,1139,197.0,772,233,4.375,<1H OCEAN,191430.0
-122.32,37.95,37,1887,353.0,895,359,4.45,NEAR BAY,180358.0
-121.02,37.61,33,1469,370.0,1318,349,1.7104,INLAND,86138.0
-116.31,33.65,8,3079,558.0,1572,474,4.5938,INLAND,189973.0
-117.24,34.15,23,3847,608.0,1621,630,4.6111,INLAND,143708.0
-122.1,37.66,35,686,142.0,480,149,3.875,NEAR BAY,174834.0
-118.45,34.03,41,2083,528.0,993,481,4.0231,<1H OCEAN,424538.42
-121.31,38.71,18,3998,744.0,2071,660,4.3836,INLAND,140116.0
-117.98,34.04,29,1468,310.0,1390,276,3.75,<1H OCEAN,167000.0
-120.14,36.04,27,2533,518.0,1371,461,2.9708,INLAND,74381.0
-117.96,33.65,23,5379,684.0,1826,555,7.0151,<1H OCEAN,341939.01
-121.78,37.34,21,1959,292.0,891,300,7.375,<1H OCEAN,339384.04
-117.81,33.73,17,1063,189.0,363,183,2.1719,<1H OCEAN,173738.02
-118.27,34.08,38,2265,801.0,2899,792,2.5521,<1H OCEAN,189339.0
-117.19,32.77,9,634,152.0,248,133,3.8571,NEAR OCEAN,201108.02
-118.28,34.11,46,1156,203.0,514,213,4.2019,<1H OCEAN,309875.02
-122.13,37.66,19,862,167.0,407,183,4.3456,NEAR BAY,207484.0
-117.36,33.97,32,1625,335.0,1212,327,2.7596,INLAND,99732.0
-118.56,34.22,34,1599,294.0,819,306,4.3194,<1H OCEAN,219968.0
-120.21,36.98,21,1667,303.0,861,276,2.6012,INLAND,79261.0
-118.15,33.78,12,4436,1133.0,2176,1002,3.5812,NEAR OCEAN,249932.01
-121.42,38.6,36,1327,209.0,613,230,3.8672,INLAND,134424.0
-118.18,33.77,37,2653,754.0,1087,698,2.3523,NEAR OCEAN,183895.0
-117.11,32.69,36,1421,367.0,1418,355,1.9425,NEAR OCEAN,88103.0
-118.42,34.29,34,1489,326.0,1389,313,3.4821,<1H OCEAN,152149.0
-118.74,34.05,19,3487,686.0,2782,584,7.9184,NEAR OCEAN,451451.56
-122.44,37.8,52,3149,719.0,1145,658,4.625,NEAR BAY,498296.95
-118.34,34.11,40,5485,1242.0,2034,1133,3.6974,<1H OCEAN,362497.11
-121.4,38.62,28,3671,886.0,1733,820,2.2292,INLAND,112613.0
-122.14,37.74,52,1071,201.0,440,192,4.0662,NEAR BAY,198369.0
-116.16,33.68,12,1230,277.0,1334,260,2.2679,INLAND,72632.0
-121.88,37.34,40,1547,625.0,1493,543,1.2887,<1H OCEAN,207728.0
-117.64,33.62,16,3970,771.0,1202,734,3.4115,<1H OCEAN,217424.04
-118.32,34.11,33,5135,1450.0,2404,1292,3.2462,<1H OCEAN,309732.05
-117.91,33.87,29,1121,,762,276,2.5,<1H OCEAN,182459.01
-118.05,33.99,42,2480,401.0,1085,438,5.193,<1H OCEAN,269819.04
-118.42,34.25,37,1545,341.0,1909,352,3.6791,<1H OCEAN,153389.0
-120.77,37.01,28,1689,378.0,1057,267,3.125,INLAND,118970.0
-118.35,34.18,46,1840,379.0,866,360,3.3056,<1H OCEAN,245595.02
-118.3,34.11,25,1590,218.0,568,206,8.4389,<1H OCEAN,463359.65
-117.93,33.87,10,1277,488.0,730,417,1.4803,<1H OCEAN,155279.0
-117.55,34.25,39,1578,317.0,872,322,4.555,INLAND,161422.0
-122.17,37.74,34,1223,281.0,824,280,2.2917,NEAR BAY,93833.0
-117.61,34.09,23,1945,362.0,1483,383,4.4205,INLAND,148255.0
-121.17,38.68,37,1252,267.0,686,256,3.0,INLAND,119219.0
-122.41,37.61,46,2975,643.0,1479,577,3.8214,NEAR OCEAN,276471.0
-118.46,34.3,32,2424,476.0,2291,419,4.0337,<1H OCEAN,172121.0
-122.7,38.35,16,1328,187.0,607,197,5.0366,<1H OCEAN,226656.01
-122.06,37.73,5,3596,467.0,1738,512,7.0568,NEAR BAY,350510.1
-121.81,38.45,24,1951,341.0,1140,338,3.7061,INLAND,148047.0
-117.65,34.14,9,3877,490.0,1815,490,8.4839,INLAND,312533.0
-122.45,37.72,52,982,197.0,653,171,4.2167,NEAR BAY,249506.0
-121.76,37.0,21,1416,269.0,779,200,3.1987,<1H OCEAN,229333.02
-122.44,37.66,21,5108,1510.0,3288,1405,3.1927,NEAR OCEAN,286753.0
-117.93,33.83,32,1792,411.0,1131,381,2.4942,<1H OCEAN,185298.0
-118.36,34.19,46,1676,322.0,846,295,5.1814,<1H OCEAN,327605.01
-122.24,37.79,27,1632,492.0,1171,429,2.3173,NEAR BAY,134521.0
-116.99,32.8,34,3657,538.0,1513,562,5.2907,<1H OCEAN,200057.0
-122.02,36.97,39,2124,661.0,1365,606,1.6642,NEAR OCEAN,221728.0
-117.85,33.78,23,3187,870.0,1977,852,3.3939,<1H OCEAN,217100.0
-122.2,37.96,9,6306,962.0,2581,911,6.7741,NEAR BAY,374561.16
-122.38,40.56,23,2281,408.0,1164,420,3.5347,INLAND,102336.0
-117.0,32.85,24,1888,319.0,950,319,5.282,<1H OCEAN,183546.0
-117.1,32.83,16,1049,154.0,467,160,6.2047,<1H OCEAN,234933.0
-118.18,33.78,36,1697,550.0,1379,434,1.2746,NEAR OCEAN,152040.0
-117.82,33.73,27,1270,258.0,809,264,5.0162,<1H OCEAN,208057.0
-120.46,34.63,48,1408,301.0,682,279,2.9271,NEAR OCEAN,200541.04
-118.73,36.01,14,3263,651.0,1910,594,2.8603,INLAND,84961.0
-119.7,36.83,23,3532,756.0,1885,758,2.5904,INLAND,92780.0
-118.32,34.05,50,1389,364.0,976,302,1.5882,<1H OCEAN,204639.0
-119.1,36.4,31,1533,361.0,1518,386,1.5608,INLAND,49879.0
-118.22,33.83,44,1792,404.0,1115,358,3.9091,<1H OCEAN,174877.0
-118.98,37.65,18,1795,416.0,483,208,4.5375,INLAND,142303.0
-123.02,38.81,45,1717,389.0,916,367,3.2425,<1H OCEAN,144656.0
-122.06,37.38,20,4293,1272.0,2389,1210,4.2719,NEAR BAY,309996.14
-122.3,37.88,45,453,146.0,749,137,1.475,NEAR BAY,162584.05
-121.54,39.6,15,886,204.0,576,205,2.1467,INLAND,85264.0
-121.53,38.48,5,27870,5027.0,11935,4855,4.8811,INLAND,180214.0
-118.26,33.95,38,1387,346.0,1240,355,1.6898,<1H OCEAN,95474.0
-117.73,34.12,26,6459,894.0,2487,885,6.2089,INLAND,242080.0
-122.0,37.36,17,6012,1737.0,3539,1625,3.8464,<1H OCEAN,270858.02
-115.49,32.67,24,1266,275.0,1083,298,1.4828,INLAND,72263.0
-118.28,34.09,49,3828,1197.0,2862,1009,2.4677,<1H OCEAN,235622.0
-118.39,33.86,28,3619,764.0,1735,789,6.1404,<1H OCEAN,400235.18
-117.15,34.06,25,3670,644.0,1815,634,4.0658,INLAND,129025.0
-122.29,37.94,20,7578,1426.0,3637,1362,4.4387,NEAR BAY,209496.04
-118.55,34.2,21,2549,651.0,1624,628,3.6905,<1H OCEAN,233301.0
-118.15,33.93,42,1839,346.0,1034,339,4.9808,<1H OCEAN,215676.0
-121.18,37.99,31,2450,559.0,1459,478,2.4674,INLAND,104512.0
-122.24,37.8,52,996,228.0,731,228,2.2697,NEAR BAY,134815.0
-116.11,33.64,20,1273,354.0,1548,355,2.0871,INLAND,63196.0
-118.31,34.02,52,1832,441.0,1186,420,1.2434,<1H OCEAN,117144.0
-118.55,33.99,39,2603,456.0,928,410,7.9096,NEAR OCEAN,488355.72
-121.34,38.55,11,2838,498.0,1701,504,4.1447,INLAND,165546.0
-121.09,37.33,40,524,112.0,329,96,1.7188,INLAND,94409.0
-118.13,34.01,40,2412,629.0,2119,600,2.075,<1H OCEAN,154431.0
-122.26,38.1,30,3317,1058.0,1794,990,1.1835,NEAR BAY,141539.02
-123.91,41.68,22,1880,360.0,743,314,2.9688,<1H OCEAN,107691.0
-117.91,33.83,32,1855,527.0,2568,504,2.5509,<1H OCEAN,168581.0
-117.28,32.77,38,1267,340.0,442,250,4.3403,NEAR OCEAN,370191.2
-118.24,33.92,44,1079,210.0,601,182,2.2411,<1H OCEAN,109855.0
-118.75,34.17,16,2950,387.0,1228,379,5.3749,NEAR OCEAN,283347.03
-119.81,36.28,24,544,112.0,442,106,3.1071,INLAND,99728.0
-121.4,39.33,15,2655,493.0,1200,432,3.5179,INLAND,118942.0
-118.04,34.07,52,177,59.0,269,75,2.3611,<1H OCEAN,236025.18
-117.71,34.1,52,567,152.0,2688,126,1.875,INLAND,102118.0
-118.18,33.88,42,2326,503.0,1832,501,3.1713,<1H OCEAN,154054.0
-118.36,33.87,22,2114,541.0,1300,538,3.4208,<1H OCEAN,264986.0
-118.05,34.08,25,4909,1422.0,4983,1293,2.7254,<1H OCEAN,181877.0
-121.36,38.0,17,4535,762.0,1562,743,5.3224,INLAND,216475.0
-117.8,33.74,33,2890,453.0,1300,452,6.5616,<1H OCEAN,342481.08
-121.31,37.96,52,2654,468.0,1157,494,3.226,INLAND,124940.0
-117.26,34.53,10,3103,520.0,1283,464,3.071,INLAND,102546.0
-118.31,34.01,48,2544,532.0,1357,498,2.5263,<1H OCEAN,143026.0
-117.69,33.64,18,3783,654.0,1843,623,5.7559,<1H OCEAN,242608.0
-122.12,39.91,16,4006,797.0,2028,752,2.3929,INLAND,88932.0
-118.07,33.98,32,3304,714.0,2032,690,3.2093,<1H OCEAN,184252.0
-121.79,37.33,13,2978,505.0,1794,485,6.6813,<1H OCEAN,313434.01
-118.08,34.14,52,1282,189.0,431,187,6.1159,INLAND,350260.05
-116.97,33.75,22,3740,965.0,2011,824,1.3039,INLAND,87980.0
-121.9,37.45,16,2952,446.0,1525,460,5.6063,<1H OCEAN,252923.0
-120.46,37.31,35,2042,378.0,953,356,2.7344,INLAND,86176.0
-122.41,40.53,28,1127,245.0,538,208,2.037,INLAND,71432.0
-118.42,34.28,29,1271,272.0,1338,266,4.125,<1H OCEAN,171226.0
-122.1,40.05,26,633,129.0,305,140,2.1827,INLAND,69765.0
-118.06,33.98,38,1862,319.0,975,305,4.7266,<1H OCEAN,211644.0
-121.03,39.14,10,3138,524.0,1275,511,4.0775,INLAND,185413.0
-119.71,36.79,34,1891,323.0,966,355,3.6681,INLAND,91299.0
-117.69,34.0,28,707,154.0,561,129,2.5781,INLAND,154973.0
-122.01,37.59,2,838,295.0,240,149,2.875,NEAR BAY,236257.04
-115.88,32.93,15,208,49.0,51,20,4.0208,INLAND,173724.02
-121.74,39.15,20,2302,412.0,1205,399,2.8,INLAND,107868.0
-117.3,34.13,52,1859,395.0,968,333,1.2034,INLAND,77919.0
-117.95,33.85,13,6963,1426.0,3892,1375,4.1325,<1H OCEAN,204876.0
-122.35,37.93,39,2002,416.0,1166,395,1.7257,NEAR BAY,93586.0
-120.72,37.38,22,1311,319.0,1455,340,2.2813,INLAND,87440.0
-121.09,37.56,32,1717,325.0,1356,307,2.6705,INLAND,102573.0
-120.33,37.97,17,2530,526.0,1024,496,2.0057,INLAND,114220.0
-117.34,33.94,13,7910,,3382,1176,5.5563,INLAND,198373.0
-119.91,34.4,24,2001,365.0,1170,330,6.0992,NEAR OCEAN,325018.02
-121.59,39.1,24,1107,261.0,768,205,1.7167,INLAND,79793.0
-119.83,36.79,35,1872,363.0,1054,369,3.3272,INLAND,89502.0
-116.92,32.81,23,2668,528.0,1510,524,3.3669,<1H OCEAN,162660.0
-121.93,37.27,35,1855,345.0,985,329,6.0196,<1H OCEAN,316586.01
-118.46,34.07,49,2418,301.0,850,318,14.2867,<1H OCEAN,500001.0
-120.98,37.64,45,1913,335.0,839,333,3.1397,INLAND,121550.0
-121.76,37.7,9,3980,736.0,1705,679,5.7068,INLAND,239942.0
-122.06,37.67,22,3882,816.0,1830,743,4.2733,NEAR BAY,222850.0
-122.77,38.33,32,2054,324.0,843,306,4.5875,<1H OCEAN,252711.0
-117.21,34.12,32,1677,354.0,1021,339,3.6853,INLAND,106882.0
-117.66,34.14,8,1692,253.0,857,251,6.9418,INLAND,279544.0
-120.89,37.21,25,3301,678.0,994,306,3.2262,INLAND,134008.0
-120.4,34.85,26,2384,385.0,1323,400,4.8185,<1H OCEAN,210373.01
-118.33,33.89,42,1816,338.0,897,306,5.1874,<1H OCEAN,252915.03
-121.89,37.28,32,4308,717.0,2002,695,4.1645,<1H OCEAN,239490.0
-118.35,33.89,29,2940,708.0,2175,684,3.6486,<1H OCEAN,233877.0
-122.66,38.81,22,852,176.0,461,142,3.4375,INLAND,135977.0
-117.76,33.53,24,2105,346.0,712,332,10.6349,<1H OCEAN,497993.91
-117.9,33.74,25,808,163.0,1066,189,4.7679,<1H OCEAN,184186.0
-118.3,33.88,35,3227,749.0,1881,696,2.8445,<1H OCEAN,211676.0
-118.87,35.65,33,1504,325.0,584,223,3.4792,INLAND,85528.0
-119.28,36.35,7,3598,701.0,2080,678,3.1111,INLAND,85252.0
-117.31,32.98,17,2789,648.0,849,345,4.1012,NEAR OCEAN,283312.03
-119.83,34.45,24,2168,373.0,934,366,5.4197,NEAR OCEAN,321111.0
-121.26,37.98,41,1633,433.0,885,413,0.9782,INLAND,65676.0
-122.3,38.3,44,3690,809.0,1922,736,2.6346,NEAR BAY,155650.0
-118.34,33.88,31,3122,727.0,1885,715,3.8657,<1H OCEAN,252329.0
-117.13,32.8,35,2129,382.0,1044,350,3.9732,NEAR OCEAN,172330.01
-117.5,33.92,31,2529,513.0,1504,426,2.9821,INLAND,120501.0
-118.2,34.02,48,2230,593.0,2419,598,2.3944,<1H OCEAN,140870.0
-118.28,33.99,38,1454,323.0,1098,297,1.5109,<1H OCEAN,98852.0
-121.94,37.83,11,2836,373.0,959,335,10.5815,INLAND,452310.67
-122.19,37.8,48,1694,259.0,610,238,4.744,NEAR BAY,231403.0
-118.25,33.9,37,2119,442.0,1372,406,1.9605,<1H OCEAN,105480.0
-118.25,33.79,38,1730,460.0,1724,424,2.7308,NEAR OCEAN,154053.0
-121.06,38.88,17,7635,1284.0,3096,1227,4.2917,INLAND,179023.0
-122.19,39.53,34,2679,533.0,1287,505,2.165,INLAND,65566.0
-117.2,32.83,36,1089,240.0,623,226,2.5909,NEAR OCEAN,217780.0
-117.86,33.79,31,3523,922.0,2660,949,3.1792,<1H OCEAN,196731.0
-124.01,40.89,28,1470,336.0,811,314,2.4559,<1H OCEAN,93142.0
-120.2,34.61,15,2958,690.0,1348,617,3.8582,NEAR OCEAN,235857.02
-120.97,37.63,39,2360,607.0,2047,605,1.7054,INLAND,75186.0
-121.62,37.09,37,1593,303.0,1030,287,3.9306,<1H OCEAN,230088.0
-117.17,32.81,26,2424,388.0,974,375,4.739,NEAR OCEAN,202699.0
-117.09,32.76,31,1235,387.0,816,397,1.5517,NEAR OCEAN,129772.0
-122.24,37.81,52,1490,238.0,634,256,6.0302,NEAR BAY,362875.05
-121.34,38.58,18,1631,228.0,599,228,7.8031,INLAND,262762.0
-118.28,34.03,26,2107,809.0,2821,572,0.844,<1H OCEAN,183983.01
-121.88,37.41,23,3224,652.0,2183,655,4.3807,<1H OCEAN,203464.0
-117.11,33.15,14,8374,1407.0,2916,1295,4.7019,<1H OCEAN,207492.0
-118.32,33.98,44,1448,314.0,861,310,2.2396,<1H OCEAN,126675.0
-122.05,37.31,25,4601,696.0,2003,666,8.0727,<1H OCEAN,414554.15
-122.3,38.28,31,1633,316.0,944,300,3.3977,NEAR BAY,143205.0
-121.43,38.62,36,1765,438.0,1008,382,2.0639,INLAND,81119.0
-123.23,39.77,25,2075,435.0,991,377,1.2281,INLAND,70949.0
-116.95,33.79,20,2399,546.0,1726,542,1.8845,INLAND,86844.0
-121.01,37.7,12,9148,1906.0,4656,1853,3.2447,INLAND,145824.0
-121.2,38.36,14,2634,463.0,1402,432,3.8897,INLAND,148711.0
-118.15,33.92,40,1335,281.0,804,282,4.3194,<1H OCEAN,187060.0
-122.08,37.39,44,1498,430.0,848,400,2.8438,NEAR BAY,210626.0
-121.24,37.96,37,1175,260.0,951,267,2.875,INLAND,84825.0
-118.02,33.77,33,2683,436.0,1520,456,5.0091,<1H OCEAN,237650.0
-121.3,38.14,17,3507,696.0,1867,709,3.2123,INLAND,113847.0
-118.27,33.99,30,504,140.0,529,123,1.9531,<1H OCEAN,103088.0
-119.95,37.47,32,1312,315.0,600,265,1.5,INLAND,97922.01
-122.04,38.25,52,582,131.0,241,106,2.4,INLAND,111705.0
-121.84,37.4,25,1866,271.0,840,275,6.8677,<1H OCEAN,327312.01
-117.91,33.87,52,2031,506.0,1191,463,2.9076,<1H OCEAN,194826.01
-117.94,33.88,35,1694,296.0,679,282,4.3333,<1H OCEAN,219062.0
-119.01,35.44,20,3458,651.0,1465,621,2.5806,INLAND,84400.0
-121.44,39.5,26,1652,325.0,790,292,3.0446,INLAND,80796.0
-122.25,40.15,15,1677,346.0,858,327,2.4375,INLAND,94385.0
-118.16,33.84,36,2444,432.0,1199,424,4.1538,<1H OCEAN,221530.01
-118.3,33.89,37,2132,565.0,1369,565,3.285,<1H OCEAN,191791.0
-117.66,33.46,26,2073,370.0,952,340,5.0877,<1H OCEAN,284921.06
-118.32,34.11,42,2462,543.0,857,482,4.0833,<1H OCEAN,408440.31
-122.68,38.44,36,1311,259.0,648,268,3.4545,<1H OCEAN,172856.0
-121.84,39.73,52,957,263.0,513,223,1.3672,INLAND,89532.0
-121.26,37.93,33,2109,531.0,2248,588,1.4583,INLAND,70283.0
-118.19,34.05,46,1051,302.0,1435,305,1.6667,<1H OCEAN,133954.0
-117.74,34.07,42,2504,553.0,1550,509,3.0294,INLAND,127141.0
-121.62,39.15,23,1984,528.0,1043,452,1.9375,INLAND,86001.0
-118.92,35.38,33,3122,579.0,1733,545,3.8307,INLAND,88095.0
-122.72,38.42,26,1168,253.0,937,248,1.9458,<1H OCEAN,151232.0
-122.01,38.25,16,1081,181.0,792,184,4.6779,INLAND,201251.0
-118.18,33.83,39,3622,745.0,1330,648,3.3125,NEAR OCEAN,288962.01
-119.78,34.45,23,2077,306.0,705,256,6.4744,NEAR OCEAN,321883.03
-118.29,34.09,35,2624,1116.0,3548,1008,2.0132,<1H OCEAN,212771.0
-122.47,37.78,52,2042,378.0,1153,408,4.1856,NEAR BAY,405401.04
-122.36,37.94,26,1540,343.0,1007,338,1.3365,NEAR BAY,91479.0
-117.68,33.51,19,2930,428.0,1481,430,6.323,<1H OCEAN,289236.0
-117.61,33.42,31,3959,856.0,1919,775,4.0313,NEAR OCEAN,284298.01
-121.9,37.67,15,2130,273.0,876,285,7.2639,<1H OCEAN,327570.0
-118.14,33.77,51,2812,621.0,1171,566,3.875,NEAR OCEAN,383191.01
-122.42,37.77,52,1176,493.0,1136,436,1.375,NEAR BAY,219843.04
-118.12,34.0,31,3281,768.0,2385,733,2.7308,<1H OCEAN,183555.0
-121.43,38.58,35,5298,954.0,1933,918,3.9167,INLAND,148851.0
-118.17,33.96,25,3297,1066.0,5027,1041,2.2817,<1H OCEAN,153304.0
-122.13,37.72,26,2862,394.0,1030,397,7.912,NEAR BAY,422111.1
-118.3,33.97,42,944,200.0,567,190,2.6311,<1H OCEAN,131140.0
-121.87,37.41,24,3308,548.0,1891,544,5.6683,<1H OCEAN,253214.0
-123.36,39.01,35,1551,321.0,857,288,2.7232,<1H OCEAN,121396.0
-122.41,37.8,52,3260,1535.0,3260,1457,0.9,NEAR BAY,275151.18
-121.99,36.99,29,3119,507.0,1476,487,5.8123,NEAR OCEAN,379649.31
-119.05,35.42,35,2353,483.0,1368,455,2.325,INLAND,64268.0
-116.9,34.25,16,3018,523.0,556,244,3.5288,INLAND,144554.0
-118.35,33.99,48,2741,439.0,1115,459,5.0514,<1H OCEAN,250447.01
-122.04,36.95,36,1862,364.0,1080,364,4.4567,NEAR OCEAN,251069.01
-122.01,36.95,52,1217,325.0,508,237,2.0547,NEAR OCEAN,231622.0
-122.02,37.95,25,1205,260.0,608,272,2.4519,NEAR BAY,170330.0
-118.05,33.87,18,4928,773.0,2952,754,5.8855,<1H OCEAN,305242.05
-116.93,32.79,19,3354,,1948,682,3.0192,<1H OCEAN,187405.0
-117.22,34.12,30,2512,597.0,1390,523,2.3725,INLAND,84663.0
-119.83,36.79,24,3505,819.0,2098,774,1.9575,INLAND,66194.0
-118.28,33.96,34,2074,562.0,1913,514,1.6156,<1H OCEAN,97982.0
-119.71,36.82,12,2144,568.0,1320,566,2.3381,INLAND,78295.0
-118.27,33.96,38,977,295.0,1073,292,1.0208,<1H OCEAN,94385.0
-118.26,33.89,36,2230,417.0,1395,381,2.8493,<1H OCEAN,129056.0
-122.48,37.74,52,2166,423.0,1072,370,4.131,NEAR OCEAN,322988.01
-118.08,34.12,34,2921,641.0,1541,562,3.6827,<1H OCEAN,238223.0
-118.0,33.81,13,2782,605.0,1749,628,4.1276,<1H OCEAN,191354.0
-118.2,33.98,43,1091,320.0,1418,316,2.1522,<1H OCEAN,151673.0
-118.3,34.01,52,1908,428.0,1271,394,2.5885,<1H OCEAN,127040.0
-122.44,37.76,38,2202,452.0,833,435,6.8939,NEAR BAY,401852.25
-117.94,33.62,28,1765,390.0,832,349,6.5928,<1H OCEAN,415330.22
-121.48,38.53,43,1378,280.0,708,280,2.3542,INLAND,101625.0
-117.32,34.1,27,2053,461.0,1737,463,3.1213,INLAND,104857.0
-122.1,37.89,21,3282,653.0,1398,601,5.2079,NEAR BAY,299722.01
-117.97,33.92,24,2017,416.0,900,436,3.0,<1H OCEAN,190306.0
-118.3,34.06,21,3960,1490.0,3468,1335,1.8214,<1H OCEAN,259361.04
-117.91,33.72,32,2436,504.0,2839,516,4.5607,<1H OCEAN,187900.01
-118.33,34.04,33,1806,444.0,1161,393,2.5927,<1H OCEAN,177334.0
-121.47,38.55,52,1384,295.0,561,244,2.0242,INLAND,102724.0
-117.82,33.68,3,3068,494.0,1357,486,7.9187,<1H OCEAN,342519.03
-117.94,33.82,29,1422,409.0,1057,390,2.3347,<1H OCEAN,184335.0
-122.28,37.86,52,938,195.0,393,189,3.8594,NEAR BAY,206772.0
-117.64,33.45,27,334,56.0,130,46,4.875,NEAR OCEAN,300127.07
-122.13,39.0,23,3832,774.0,2435,747,2.2754,INLAND,84302.0
-118.44,34.2,28,1732,435.0,1198,417,2.9219,<1H OCEAN,207533.0
-119.58,36.77,19,3225,548.0,1760,542,4.0227,INLAND,95734.0
-118.28,33.99,37,1971,513.0,1673,464,1.4625,<1H OCEAN,99183.0
-121.4,38.55,26,2697,398.0,1088,389,5.0,INLAND,160097.0
-118.21,33.84,28,822,205.0,627,192,3.4583,<1H OCEAN,158628.0
-119.01,35.36,38,1838,388.0,1203,373,1.6797,INLAND,56479.0
-117.63,34.02,13,4864,729.0,2780,723,5.6168,INLAND,200235.0
-118.18,33.77,36,1833,688.0,1128,620,1.1483,NEAR OCEAN,151049.0
-118.32,34.02,51,2010,460.0,1355,433,2.0304,<1H OCEAN,118464.0
-121.49,38.53,42,1468,281.0,571,271,3.3906,INLAND,110091.0
-120.39,38.0,33,2177,404.0,891,383,3.212,INLAND,115855.0
-118.21,34.05,26,745,258.0,694,236,1.3846,<1H OCEAN,159235.0
-118.22,33.94,42,1046,287.0,1218,289,2.6538,<1H OCEAN,128698.0
-118.19,33.91,33,915,225.0,826,212,2.7708,<1H OCEAN,129621.0
-118.41,34.01,26,2503,449.0,1218,426,5.3683,<1H OCEAN,408697.3
-118.12,34.14,25,3420,977.0,1718,947,3.1033,<1H OCEAN,220466.0
-122.34,37.57,28,3751,949.0,1691,846,3.9728,NEAR OCEAN,361643.03
-122.53,38.32,22,3577,,1371,501,5.795,<1H OCEAN,288685.01
-121.62,36.43,20,1335,290.0,717,243,4.7891,<1H OCEAN,243870.01
-117.87,33.72,37,2216,497.0,2445,506,3.8421,<1H OCEAN,174320.0
-120.69,35.52,26,2758,571.0,1291,522,2.925,<1H OCEAN,175461.0
-121.87,37.66,27,1569,242.0,583,214,5.7519,INLAND,297234.0
-117.73,33.51,5,4549,786.0,1238,632,6.1785,<1H OCEAN,346839.11
-121.99,37.33,35,1802,291.0,841,315,4.8365,<1H OCEAN,262323.0
-122.01,37.06,19,4113,767.0,2006,732,5.1121,NEAR OCEAN,322634.05
-119.64,37.61,30,2857,661.0,291,135,2.6838,INLAND,126436.0
-117.23,32.75,23,2415,653.0,1275,596,3.1389,NEAR OCEAN,241595.01
-117.16,32.89,5,8576,1952.0,5006,1827,4.3598,<1H OCEAN,209177.0
-117.98,33.76,24,1880,405.0,967,418,4.4545,<1H OCEAN,209032.0
-118.07,34.11,47,832,194.0,419,156,3.1576,<1H OCEAN,219848.0
-122.45,37.78,45,2747,699.0,1320,693,3.1576,NEAR BAY,370509.14
-122.22,38.08,37,2811,,1574,516,3.1053,NEAR BAY,120386.0
-118.25,34.0,32,1218,342.0,1292,304,1.5781,<1H OCEAN,105316.0
-121.96,36.99,23,3209,748.0,1423,666,2.7375,NEAR OCEAN,236849.01
-118.28,34.25,35,2045,450.0,1166,407,3.5214,<1H OCEAN,222133.0
-118.38,34.3,39,1622,355.0,903,314,4.1125,<1H OCEAN,200622.01
-118.37,34.08,22,3008,938.0,1224,816,3.2149,<1H OCEAN,381069.21
-121.33,38.7,15,2226,421.0,1004,417,2.7868,INLAND,131317.0
-118.08,34.14,42,2690,589.0,1149,535,3.88,INLAND,286437.0
-122.26,38.16,23,2840,491.0,1586,466,4.0337,NEAR BAY,147248.0
-118.43,34.29,50,1181,265.0,1196,269,3.2095,<1H OCEAN,217834.04
-122.44,37.76,30,5089,1210.0,1935,1139,4.6053,NEAR BAY,402886.17
-120.86,37.77,28,1208,232.0,535,232,2.3523,INLAND,101059.0
-117.89,33.82,21,1591,298.0,904,297,4.8906,<1H OCEAN,212562.0
-121.37,38.6,36,1119,144.0,414,150,5.8336,INLAND,216884.01
-118.14,33.95,42,1413,228.0,630,219,6.8564,<1H OCEAN,433865.38
-122.07,37.66,21,5031,1168.0,2461,1042,3.875,NEAR BAY,225937.01
-118.56,34.41,4,17313,3224.0,6902,2707,5.6798,<1H OCEAN,288567.03
-121.88,37.27,24,4567,688.0,2102,695,5.6895,<1H OCEAN,261459.0
-122.2,37.77,39,2689,597.0,1888,537,2.2562,NEAR BAY,111042.0
-118.34,34.17,49,3033,580.0,1284,561,4.1161,<1H OCEAN,289756.04
-122.43,37.61,21,10252,2595.0,4790,2428,4.1692,NEAR OCEAN,326876.07
-117.99,33.68,13,4000,883.0,1999,881,4.7245,<1H OCEAN,260093.0
-121.91,37.33,52,2212,563.0,1195,532,2.894,<1H OCEAN,201472.0
-118.32,33.88,37,1402,254.0,722,251,6.4781,<1H OCEAN,391438.17
-122.05,37.97,16,60,10.0,65,19,6.1359,NEAR BAY,221835.0
-122.2,39.75,18,2603,576.0,1616,588,2.0192,INLAND,75204.0
-123.85,39.42,11,1804,506.0,895,451,1.7574,<1H OCEAN,100011.0
-118.9,34.2,16,6510,817.0,2304,778,7.9943,<1H OCEAN,410249.07
-120.86,37.6,25,1178,206.0,709,214,4.5625,INLAND,156202.0
-122.26,38.57,22,509,103.0,139,73,2.1979,INLAND,118944.99
-118.36,33.9,42,1935,388.0,1136,379,4.74,<1H OCEAN,233300.0
-117.57,33.9,7,3797,850.0,2369,720,3.5525,INLAND,146816.0
-119.69,34.43,37,2801,497.0,1150,476,5.8311,<1H OCEAN,389694.19
-121.92,36.56,39,2144,538.0,749,419,2.7039,NEAR OCEAN,262547.02
-121.47,38.61,35,1372,360.0,850,328,1.6331,INLAND,67800.0
-118.4,34.1,27,3979,510.0,1351,520,15.0001,<1H OCEAN,500001.0
-119.87,36.83,4,4833,784.0,2088,789,5.1781,INLAND,142613.0
-120.42,34.94,32,2844,551.0,1337,516,2.7188,<1H OCEAN,148537.0
-121.27,38.05,26,378,75.0,164,65,3.4107,INLAND,144039.0
-118.15,33.85,36,1435,249.0,606,234,4.1439,<1H OCEAN,214066.0
-122.2,37.9,36,2107,287.0,740,280,10.3416,NEAR BAY,497426.97
-118.16,33.78,14,1709,558.0,1939,520,1.9808,NEAR OCEAN,153566.0
-122.38,37.59,49,1657,266.0,613,270,5.7837,NEAR OCEAN,397699.2
-118.2,33.9,26,1000,275.0,1178,263,2.12,<1H OCEAN,118927.0
-118.23,33.91,33,677,182.0,984,174,2.5893,<1H OCEAN,102427.0
-121.4,38.63,31,1540,452.0,1079,444,1.8571,INLAND,78686.0
-121.82,37.81,12,4711,659.0,2089,621,8.3209,INLAND,330036.07
-118.29,34.08,43,3056,1345.0,3920,1304,1.925,<1H OCEAN,219507.02
-118.55,34.17,36,2127,297.0,761,274,7.8392,<1H OCEAN,483283.78
-117.85,33.81,32,1766,322.0,876,330,4.0417,<1H OCEAN,222007.0
-117.83,33.81,28,1972,315.0,970,326,5.4298,<1H OCEAN,237511.0
-122.47,37.74,52,1538,305.0,819,319,4.0846,NEAR BAY,310016.01
-120.18,34.75,17,2074,382.0,1035,359,3.7958,<1H OCEAN,200873.0
-116.99,33.2,17,2980,539.0,1531,505,3.1553,<1H OCEAN,208340.0
-121.76,38.55,23,8800,1857.0,6330,1832,2.065,INLAND,107933.0
-118.36,33.86,35,2126,434.0,1044,433,5.5456,<1H OCEAN,331403.02
-119.72,36.32,40,1185,221.0,676,256,2.2721,INLAND,62180.0
-117.12,32.59,28,2793,706.0,1825,676,2.6724,NEAR OCEAN,154394.0
-122.26,37.54,5,3264,442.0,1607,453,9.1415,NEAR BAY,464999.54
-117.58,34.1,4,6360,1584.0,3359,1396,3.5186,INLAND,147096.0
-122.2,37.47,40,2959,389.0,985,365,9.9025,NEAR BAY,500001.0
-116.9,34.69,10,337,102.0,108,50,0.4999,INLAND,272562.42
-120.84,38.81,11,1280,286.0,609,248,3.1635,INLAND,141800.0
-117.37,33.97,34,3676,697.0,2653,682,2.5804,INLAND,101840.0
-117.02,32.71,30,3187,592.0,2082,631,3.5388,NEAR OCEAN,125344.0
-118.21,33.92,37,1705,403.0,1839,410,2.5833,<1H OCEAN,127001.0
-121.64,40.9,24,2237,434.0,834,318,1.7538,INLAND,70005.0
-117.23,32.86,16,1675,354.0,604,332,5.2326,NEAR OCEAN,271838.06
-122.92,38.97,20,2067,384.0,904,333,2.9934,<1H OCEAN,142685.0
-118.36,34.09,34,2832,883.0,1594,843,1.7558,<1H OCEAN,260545.03
-117.9,33.74,19,1566,379.0,1032,330,2.2105,<1H OCEAN,174417.0
-121.02,39.27,52,3720,707.0,1424,609,3.2,INLAND,150559.0
-122.19,37.76,52,2024,391.0,1030,350,2.4659,NEAR BAY,107601.0
-122.15,37.67,35,2472,398.0,1171,390,5.5797,NEAR BAY,286137.0
-119.18,34.16,12,460,101.0,405,103,5.2783,NEAR OCEAN,330130.18
-122.53,37.93,37,1722,352.0,648,337,4.125,NEAR BAY,354525.04
-117.67,33.55,6,3157,721.0,1695,710,3.7609,<1H OCEAN,186149.0
-119.85,36.82,15,1387,236.0,638,195,5.5842,INLAND,147927.0
-118.57,34.15,22,5791,706.0,2059,673,10.9201,<1H OCEAN,500001.0
-117.88,33.83,22,3522,543.0,1706,524,6.4685,<1H OCEAN,271229.01
-118.33,34.1,43,2732,1646.0,3049,1429,1.3157,<1H OCEAN,270851.12
-117.8,33.75,29,3058,488.0,1197,474,5.3903,<1H OCEAN,278460.02
-117.2,34.26,17,9419,1455.0,1382,459,6.2233,INLAND,225729.0
-117.68,33.65,6,10395,1915.0,4783,1811,5.928,<1H OCEAN,283649.01
-119.7,36.82,25,2379,540.0,1482,484,2.3173,INLAND,68285.0
-118.37,34.04,25,542,161.0,442,131,2.25,<1H OCEAN,195577.03
-121.63,39.18,13,1907,347.0,821,367,2.0978,INLAND,84500.0
-118.97,35.38,32,1361,363.0,1483,297,1.625,INLAND,49298.0
-121.75,39.4,29,1687,327.0,864,334,2.4943,INLAND,79613.0
-122.32,37.55,46,1437,266.0,607,263,4.8068,NEAR OCEAN,342380.09
-117.94,33.93,14,999,232.0,1037,244,2.7125,<1H OCEAN,160825.0
-119.42,36.35,20,1469,303.0,1031,259,1.6645,INLAND,57395.0
-122.31,38.0,29,3108,534.0,1687,516,4.3333,NEAR BAY,174912.0
-119.96,38.94,27,1492,393.0,717,254,1.8906,INLAND,100235.0
-117.04,34.0,21,4624,852.0,2174,812,3.5255,INLAND,116121.0
-117.9,33.71,15,539,71.0,287,66,6.3427,<1H OCEAN,298243.01
-122.46,37.88,35,2492,409.0,812,373,8.8386,NEAR BAY,466983.52
-118.34,34.19,48,814,165.0,490,176,3.1406,<1H OCEAN,253857.09
-118.36,34.2,14,1878,614.0,1874,559,2.5267,<1H OCEAN,187777.0
-118.18,34.02,43,887,219.0,965,217,2.625,<1H OCEAN,140861.0
-119.83,36.8,24,3756,681.0,1586,739,3.8571,INLAND,94614.0
-118.13,33.84,48,1895,294.0,881,293,6.3364,<1H OCEAN,413417.23
-122.71,38.43,38,1689,526.0,1071,529,1.5026,<1H OCEAN,155730.0
-119.72,34.43,36,1156,309.0,521,304,2.6014,<1H OCEAN,300454.0
-117.88,34.12,34,912,165.0,522,150,4.0417,<1H OCEAN,173624.0
-117.23,32.74,16,735,139.0,299,134,4.6354,NEAR OCEAN,242799.05
-122.46,37.66,15,6082,1284.0,3861,1198,5.4221,NEAR OCEAN,288349.0
-121.96,37.23,36,4423,632.0,1719,608,7.8407,<1H OCEAN,485504.84
-117.14,33.16,16,1660,,733,214,5.6874,<1H OCEAN,242278.0
-121.29,37.87,29,488,108.0,308,115,2.6563,INLAND,104509.0
-116.05,34.12,19,301,65.0,150,56,3.125,INLAND,97384.0
-118.3,33.89,30,2756,858.0,1806,787,3.0329,<1H OCEAN,196899.0
-122.38,37.58,52,2039,299.0,772,303,6.471,NEAR OCEAN,449117.36
-122.26,37.83,52,2432,715.0,1377,696,2.5898,NEAR BAY,203748.0
-117.46,34.1,35,908,226.0,667,203,2.5833,INLAND,97077.0
-121.92,37.33,52,2962,557.0,1215,506,4.7768,<1H OCEAN,322146.03
-122.07,37.69,29,2304,618.0,1021,552,2.5362,NEAR BAY,188436.0
-119.84,36.85,8,3791,487.0,1424,475,10.5144,INLAND,381023.47
-116.52,33.81,12,12396,2552.0,2548,1265,3.4394,INLAND,151541.0
-122.68,38.07,26,1445,244.0,510,207,5.6305,NEAR OCEAN,352571.01
-121.67,36.67,24,3071,544.0,1477,560,3.9219,<1H OCEAN,199609.0
-118.21,33.95,32,1116,328.0,1265,302,2.295,<1H OCEAN,145473.0
-121.98,37.28,28,3688,633.0,1877,620,5.7251,<1H OCEAN,299181.01
-117.93,33.84,34,2160,298.0,852,305,6.0531,<1H OCEAN,292644.02
-118.78,34.16,9,30405,4093.0,12873,3931,8.0137,NEAR OCEAN,432345.24
-122.3,37.9,35,1102,308.0,688,303,2.3946,NEAR BAY,170523.0
-119.23,34.42,16,630,117.0,343,100,5.75,<1H OCEAN,324755.07
-122.53,41.81,21,2400,485.0,1109,443,1.7639,INLAND,64707.0
-122.01,37.39,36,1976,361.0,1348,371,5.6447,<1H OCEAN,272384.0
-122.34,37.94,47,2313,433.0,947,430,3.942,NEAR BAY,160636.01
-121.62,36.71,24,4195,706.0,2200,647,4.3451,<1H OCEAN,217329.0
-118.1,33.84,36,690,109.0,316,104,3.7813,<1H OCEAN,198687.0
-122.5,37.75,45,1672,344.0,838,314,4.1419,NEAR OCEAN,276961.0
-118.12,34.68,12,5319,875.0,2439,779,4.6629,INLAND,145116.0
-117.31,33.24,6,1580,288.0,792,265,4.0469,<1H OCEAN,178908.03
-120.79,37.08,9,97,20.0,91,22,2.9063,INLAND,130932.0
-121.87,37.34,52,1170,215.0,604,207,2.6667,<1H OCEAN,222556.0
-117.79,33.77,21,4349,553.0,1680,519,6.9014,<1H OCEAN,307849.0
-122.52,37.96,35,2012,346.0,818,352,5.2818,NEAR BAY,312292.03
-118.3,33.87,27,3144,722.0,1510,680,3.1597,<1H OCEAN,235209.0
-118.05,34.06,45,531,164.0,722,166,2.1406,<1H OCEAN,174635.03
-118.21,34.14,44,1681,407.0,1105,387,3.2222,<1H OCEAN,207359.0
-117.98,33.78,31,2825,546.0,1908,563,3.9798,<1H OCEAN,195885.0
-117.15,34.04,14,2845,420.0,1172,377,7.5822,INLAND,265065.0
-118.11,33.81,37,1694,280.0,776,271,6.2187,<1H OCEAN,409246.18
-118.48,34.21,25,2879,723.0,2077,649,3.3864,<1H OCEAN,218271.0
-118.17,33.82,52,2539,497.0,1152,488,4.1354,NEAR OCEAN,259286.0
-121.22,38.4,14,2655,441.0,1277,422,4.6989,INLAND,177910.0
-118.19,34.12,46,3387,820.0,2833,813,2.987,<1H OCEAN,192223.0
-117.71,34.08,26,2744,494.0,1411,465,4.2639,INLAND,170692.0
-118.08,33.85,22,1055,204.0,682,216,6.0,<1H OCEAN,272360.0
-118.4,33.87,45,2093,497.0,842,472,6.3231,<1H OCEAN,457017.42
-117.4,34.04,17,1906,334.0,1550,338,3.025,INLAND,106230.0
-123.5,39.67,22,2124,450.0,1122,446,2.1793,INLAND,84236.0
-120.67,37.37,18,164,30.0,104,32,1.6607,INLAND,117082.01
-121.48,38.54,41,3364,685.0,1841,626,2.1975,INLAND,89170.0
-122.18,37.45,43,2061,437.0,817,385,4.4688,NEAR BAY,396278.45
-117.01,32.76,34,3415,608.0,1464,593,4.0549,<1H OCEAN,170118.0
-118.36,33.93,40,1625,500.0,2036,476,2.6298,<1H OCEAN,167998.0
-122.71,38.34,22,1249,335.0,699,308,2.6033,<1H OCEAN,169187.0
-118.51,34.2,35,1614,308.0,850,330,4.1806,<1H OCEAN,215259.01
-118.56,34.18,36,1366,224.0,719,270,4.8264,<1H OCEAN,230031.0
-122.09,37.35,30,1502,186.0,501,180,10.0259,NEAR BAY,498774.97
-119.01,36.05,27,1127,294.0,839,276,1.3807,INLAND,50359.0
-117.4,34.08,21,3622,667.0,2503,720,3.8531,INLAND,121189.0
-118.41,34.24,38,490,101.0,402,100,3.125,<1H OCEAN,242129.02
-117.9,33.74,18,1884,442.0,1915,442,2.3783,<1H OCEAN,168040.0
-117.92,34.09,35,1810,318.0,1164,332,5.0123,<1H OCEAN,205832.0
-122.28,37.52,29,1526,355.0,724,315,4.0313,NEAR OCEAN,318648.0
-117.22,33.14,5,4576,848.0,2314,705,5.0123,NEAR OCEAN,264682.01
-122.41,37.75,52,1678,386.0,1220,357,2.5809,NEAR BAY,250279.03
-122.47,37.76,52,4001,809.0,1886,756,3.3239,NEAR BAY,348054.01
-118.24,33.93,37,1027,258.0,824,248,1.5132,<1H OCEAN,93713.0
-118.32,34.04,47,1989,532.0,1430,519,1.8333,<1H OCEAN,147305.0
-120.27,37.12,17,3328,628.0,1580,619,2.9861,INLAND,96925.0
-121.07,39.15,15,6828,1319.0,3002,1318,2.4726,INLAND,126773.0
-122.27,37.82,43,1868,456.0,1061,407,1.5045,NEAR BAY,127519.0
-120.43,37.35,15,1613,203.0,673,213,5.9378,INLAND,179888.0
-122.47,37.79,52,2383,477.0,990,464,3.9688,NEAR BAY,481681.73
-122.31,37.91,39,2955,696.0,1417,682,2.7628,NEAR BAY,168163.0
-118.14,33.76,52,2677,642.0,1144,624,4.3889,NEAR OCEAN,381663.01
-121.9,37.37,20,78,72.0,120,69,1.0938,<1H OCEAN,305362.17
-118.01,33.84,28,4097,838.0,2112,803,4.5,<1H OCEAN,203683.0
-117.7,33.57,4,3283,911.0,1512,782,3.3125,<1H OCEAN,221763.03
-119.94,38.95,25,1789,536.0,1134,396,2.32,INLAND,106727.0
-121.82,37.26,10,3030,574.0,1623,589,5.1356,<1H OCEAN,261750.0
-121.24,38.78,18,549,143.0,249,136,0.8691,INLAND,110818.0
-122.42,37.77,52,1925,568.0,867,515,2.879,NEAR BAY,320817.05
-122.3,37.9,30,1772,471.0,880,437,2.2672,NEAR BAY,181978.0
-118.15,33.78,13,3056,861.0,1600,824,3.3003,NEAR OCEAN,234452.0
-117.88,33.87,35,1919,349.0,1302,345,5.6409,<1H OCEAN,238211.0
-118.51,33.98,40,1901,679.0,865,587,2.3417,<1H OCEAN,339778.03
-121.5,38.34,36,1212,255.0,569,256,2.0048,INLAND,98959.0
-117.94,33.81,25,1731,482.0,1127,455,3.256,<1H OCEAN,196850.0
-118.18,33.92,32,2035,519.0,2282,480,3.2734,<1H OCEAN,152931.0
-122.33,40.6,5,6383,1206.0,2965,1141,3.8103,INLAND,128153.0
-121.42,38.53,37,1958,367.0,1171,366,2.8298,INLAND,89934.0
-118.19,33.83,30,2246,552.0,1032,548,3.5871,NEAR OCEAN,261014.04
-122.69,38.27,32,2344,434.0,1066,384,4.0313,<1H OCEAN,247958.0
-118.3,34.02,42,2386,670.0,2327,661,1.6699,<1H OCEAN,127479.0
-117.77,33.67,12,4329,1068.0,1913,978,4.5094,<1H OCEAN,251308.0
-117.98,33.9,6,1537,347.0,506,280,4.8264,<1H OCEAN,206883.0
-122.28,37.81,17,1237,462.0,762,439,0.9241,NEAR BAY,140775.0
-118.76,34.26,26,1750,284.0,962,278,4.5673,<1H OCEAN,222522.02
-117.94,33.89,30,2577,404.0,1076,374,6.7528,<1H OCEAN,360708.07
-121.27,38.75,21,4812,1117.0,1985,1045,2.5083,INLAND,143903.0
-119.31,36.34,14,2985,607.0,2250,607,2.1602,INLAND,76628.0
-117.11,32.73,27,3160,627.0,1628,612,3.8864,NEAR OCEAN,139889.0
-118.17,34.05,45,733,178.0,715,165,2.5962,<1H OCEAN,135648.0
-120.41,36.77,24,1335,312.0,1180,267,1.947,INLAND,64585.0
-118.04,34.1,38,2317,451.0,1155,426,4.1488,INLAND,279190.0
-117.87,33.99,21,2837,515.0,2031,555,4.9271,<1H OCEAN,211858.0
-118.19,33.8,41,2125,591.0,1604,555,2.9943,NEAR OCEAN,195448.0
-120.19,36.61,29,1479,338.0,1408,322,2.293,INLAND,68227.0
-122.42,37.74,52,1916,432.0,889,424,4.0391,NEAR BAY,291775.0
-117.65,33.48,6,1638,188.0,572,174,13.0502,<1H OCEAN,486097.32
-122.03,37.55,22,9167,1373.0,4319,1404,6.992,NEAR BAY,380581.09
-117.98,33.94,36,4297,717.0,2038,700,5.2851,<1H OCEAN,226676.01
-122.41,37.76,52,3452,784.0,2987,753,2.8135,NEAR BAY,309586.0
-118.06,34.12,34,2941,558.0,1660,576,4.5667,INLAND,277753.0
-122.08,37.04,34,2800,577.0,1353,512,4.1161,NEAR OCEAN,247965.01
-118.41,34.02,16,5825,1866.0,3390,1752,3.0965,<1H OCEAN,291954.02
-121.46,38.66,3,3438,603.0,1602,554,3.9914,INLAND,133975.0
-121.1,39.15,10,680,143.0,354,140,4.0333,INLAND,158990.0
-118.32,33.83,19,3792,790.0,2105,834,5.2363,<1H OCEAN,319712.01
-117.78,33.71,4,974,232.0,428,203,4.6141,<1H OCEAN,204690.05
-119.71,36.8,25,875,156.0,646,166,3.0,INLAND,88024.0
-121.92,37.31,13,6035,1551.0,2946,1481,4.0524,<1H OCEAN,256914.0
-121.28,38.7,14,5827,1246.0,2578,1038,3.0212,INLAND,117981.0
-121.82,39.75,37,2236,372.0,974,379,3.2016,INLAND,100337.0
-118.37,34.08,28,4376,1202.0,1847,1128,2.6713,<1H OCEAN,311397.05
-118.34,33.99,47,1107,199.0,437,178,3.7344,<1H OCEAN,188349.0
-121.24,37.98,33,450,123.0,236,103,1.1964,INLAND,77453.0
-122.31,38.27,34,1748,284.0,783,303,4.3585,NEAR BAY,194310.0
-122.01,37.38,32,726,204.0,538,203,4.505,<1H OCEAN,244746.0
-118.34,34.16,44,1717,391.0,848,353,3.6111,<1H OCEAN,278311.03
-120.88,38.16,8,2029,387.0,1000,364,4.0109,INLAND,148626.0
-117.77,33.71,5,4050,584.0,1986,598,7.5847,<1H OCEAN,329490.0
-118.13,33.96,36,1933,341.0,958,335,4.4732,<1H OCEAN,238662.0
-117.05,33.02,18,917,121.0,388,131,6.3517,<1H OCEAN,265682.0
-118.41,33.9,39,2040,336.0,926,351,7.5552,<1H OCEAN,455119.52
-122.06,37.39,26,18,4.0,8,4,3.75,NEAR BAY,206801.04
-122.3,37.97,34,2854,528.0,1211,452,3.5353,NEAR BAY,163806.0
-121.81,39.71,18,1222,250.0,708,281,2.0288,INLAND,81397.0
-118.35,34.09,35,2705,785.0,1526,793,3.0349,<1H OCEAN,327438.07
-117.02,33.76,20,1317,203.0,453,158,2.8393,INLAND,133364.0
-121.68,36.67,26,5745,1017.0,2780,996,5.0,<1H OCEAN,260116.01
-118.43,34.22,34,2300,429.0,1447,455,4.2656,<1H OCEAN,201587.0
-117.15,34.83,30,5370,1062.0,2778,944,3.099,INLAND,89096.0
-121.89,37.35,47,2879,631.0,2229,606,3.2599,<1H OCEAN,201941.0
-118.29,33.98,30,1162,318.0,1207,289,1.223,<1H OCEAN,107962.0
-122.23,37.82,52,3242,366.0,1001,352,12.2138,NEAR BAY,499305.99
-120.83,37.07,16,3736,761.0,1942,730,2.5598,INLAND,102741.0
-118.04,34.09,34,2001,388.0,1461,397,3.8304,INLAND,276246.0
-118.21,34.09,37,1822,498.0,1961,506,1.9881,<1H OCEAN,150649.01
-117.88,33.79,32,1484,295.0,928,295,5.1418,<1H OCEAN,213741.0
-120.98,39.93,25,2220,511.0,912,449,1.8914,INLAND,70361.0
-115.57,32.79,34,1152,208.0,621,208,3.6042,INLAND,92388.01
-121.51,38.49,21,4426,790.0,1856,761,4.1,INLAND,160009.0
-120.04,39.24,30,2369,469.0,510,213,2.65,INLAND,122239.0
-122.29,37.54,43,2268,438.0,1151,449,4.9091,NEAR OCEAN,331962.03
-118.28,33.92,37,742,151.0,729,144,3.055,<1H OCEAN,128204.0
-121.8,39.75,11,7212,1355.0,3264,1264,3.1125,INLAND,117537.0
-119.38,36.56,25,1180,222.0,611,212,2.0729,INLAND,69079.98
-120.99,37.68,30,1975,375.0,732,326,2.6932,INLAND,118835.0
-121.75,37.68,35,1755,299.0,702,263,5.2443,INLAND,208862.0
-118.98,35.39,29,607,177.0,476,143,1.1875,INLAND,51671.0
-117.07,32.67,28,2758,623.0,2179,631,2.3814,NEAR OCEAN,116998.0
-118.28,34.01,50,2601,794.0,3080,770,1.8656,<1H OCEAN,127047.0
-117.2,34.14,18,1920,333.0,890,323,5.159,INLAND,147395.0
-119.32,36.25,21,1231,,609,206,2.8365,INLAND,74794.0
-121.51,38.55,45,3032,631.0,1341,597,2.8417,INLAND,110344.0
-114.56,33.69,17,720,174.0,333,117,1.6509,INLAND,65370.0
-118.36,34.05,48,1825,404.0,728,363,3.3824,<1H OCEAN,291967.05
-121.75,36.93,24,4026,881.0,2264,863,3.1327,<1H OCEAN,200131.0
-118.18,33.83,44,1497,277.0,542,274,5.0052,NEAR OCEAN,308458.05
-118.16,34.03,41,1377,293.0,1142,272,3.1724,<1H OCEAN,160669.0
-118.65,34.27,23,1724,265.0,934,306,6.0783,<1H OCEAN,258470.0
-118.29,34.11,49,2850,379.0,1113,380,12.9591,<1H OCEAN,500001.0
-117.3,34.05,7,4672,1121.0,2534,1046,3.4228,INLAND,114809.0
-121.21,38.67,11,5500,956.0,2827,946,4.1071,INLAND,164383.0
-118.3,33.81,17,5544,1068.0,3008,1038,5.322,<1H OCEAN,273319.0
-118.35,34.01,35,3776,,1583,749,3.5486,<1H OCEAN,277177.0
-117.13,32.71,44,1697,413.0,1396,363,1.5474,NEAR OCEAN,83477.0
-118.34,34.03,48,1426,331.0,784,356,1.6581,<1H OCEAN,148991.0
-121.9,37.28,34,4613,749.0,2050,725,5.3922,<1H OCEAN,284791.0
-118.5,34.21,36,1254,229.0,629,245,4.9643,<1H OCEAN,233712.0
-118.36,34.03,38,2365,638.0,2259,607,2.0879,<1H OCEAN,136513.0
-118.34,33.99,34,397,132.0,250,121,1.675,<1H OCEAN,172803.0
-122.07,38.26,15,1173,146.0,450,154,6.0487,INLAND,211818.0
-121.95,38.43,19,3011,551.0,1665,535,5.1534,INLAND,177215.0
-123.2,39.16,14,1908,484.0,1195,467,1.7929,<1H OCEAN,109396.0
-117.92,33.85,38,2082,532.0,1592,510,2.3704,<1H OCEAN,177739.0
-117.23,33.78,23,3465,703.0,2672,607,1.9767,INLAND,98496.0
-121.76,38.25,32,1495,333.0,905,281,2.625,INLAND,96073.0
-122.02,37.34,26,1992,328.0,980,342,6.2475,<1H OCEAN,313144.01
-119.81,36.81,33,3972,594.0,1324,561,5.4513,INLAND,190032.01
-122.49,37.76,49,1724,295.0,795,297,4.3977,NEAR BAY,337658.01
-118.11,33.83,36,1726,287.0,820,288,5.5767,<1H OCEAN,243249.0
-122.95,39.13,17,380,69.0,225,72,3.25,INLAND,142542.0
-121.37,38.39,15,1883,254.0,893,256,6.2575,INLAND,218227.0
-118.18,34.08,31,1318,311.0,1164,289,2.9939,<1H OCEAN,165724.0
-118.42,34.16,17,277,70.0,119,59,4.0208,<1H OCEAN,318573.09
-118.27,34.05,47,661,359.0,1406,307,1.3169,<1H OCEAN,194695.0
-122.5,37.79,52,8,1.0,13,1,15.0001,NEAR BAY,398189.59
-116.29,33.74,6,12991,2555.0,4571,1926,4.7195,INLAND,205418.01
-122.33,37.58,27,5144,1481.0,2518,1447,3.4836,NEAR OCEAN,327516.08
-118.36,34.05,50,3518,812.0,1724,758,3.0833,<1H OCEAN,303994.13
-117.75,34.06,52,24,6.0,46,7,1.625,INLAND,220942.03
-122.2,37.43,38,3626,528.0,1350,532,7.3681,NEAR OCEAN,462490.31
-117.68,34.01,20,7326,1555.0,5718,1538,3.2073,INLAND,150448.0
-118.26,33.92,40,1076,244.0,705,255,1.7986,<1H OCEAN,97450.0
-117.36,33.17,24,2046,442.0,812,367,2.3182,NEAR OCEAN,248537.0
-122.43,37.75,52,2700,595.0,1181,575,3.575,NEAR BAY,350971.0
-121.63,39.75,37,1296,296.0,569,257,1.8616,INLAND,70660.0
-117.15,32.81,34,1629,318.0,900,282,3.1458,NEAR OCEAN,185303.0
-117.67,34.03,20,8561,1411.0,4861,1450,4.7056,INLAND,166886.0
-117.32,33.99,27,5464,850.0,2400,836,4.711,INLAND,150303.0
-118.32,34.09,30,1871,766.0,2595,819,2.0044,<1H OCEAN,217367.0
-118.43,34.22,36,1372,295.0,774,306,3.6618,<1H OCEAN,198760.0
-122.47,37.65,27,8103,1655.0,5023,1605,4.6452,NEAR OCEAN,293532.04
-118.22,33.93,39,1921,483.0,2286,470,3.0167,<1H OCEAN,141931.0
-118.39,34.17,40,1696,372.0,835,385,3.6563,<1H OCEAN,265944.04
-118.09,33.8,36,1724,322.0,838,328,4.4831,<1H OCEAN,214270.0
-118.06,33.83,21,3941,655.0,1897,670,4.88,<1H OCEAN,208141.0
-122.13,37.68,44,2147,399.0,1175,401,4.1974,NEAR BAY,204424.01
-122.29,37.92,35,583,88.0,235,84,5.943,NEAR BAY,340333.1
-117.77,34.06,27,2178,629.0,2379,591,1.9766,INLAND,110653.0
-117.3,33.85,15,3991,751.0,2317,657,2.9542,INLAND,118524.0
-118.45,34.25,21,2143,565.0,1803,497,3.9833,<1H OCEAN,186393.0
-117.07,32.81,15,2000,402.0,778,369,4.3594,<1H OCEAN,161524.0
-117.96,33.75,25,1323,208.0,852,229,4.6167,<1H OCEAN,210716.0
-122.29,37.56,12,6474,1467.0,2516,1390,5.0353,NEAR BAY,318684.13
-122.04,36.96,44,1294,269.0,645,259,3.2437,NEAR OCEAN,257760.0
-117.86,33.74,32,691,151.0,926,148,4.125,<1H OCEAN,165654.0
-118.34,34.0,49,2465,372.0,1018,359,4.0,<1H OCEAN,195409.03
-117.08,32.58,22,2128,477.0,1420,450,3.2687,NEAR OCEAN,131450.0
-117.99,33.74,26,4065,741.0,1960,739,4.506,<1H OCEAN,211311.0
-120.27,38.31,13,3297,662.0,267,97,3.075,INLAND,130967.0
-121.24,39.37,16,2785,616.0,1387,530,2.3886,INLAND,90821.0
-122.22,37.48,47,2570,783.0,3107,724,2.8058,NEAR OCEAN,232213.0
-117.18,32.76,17,711,254.0,327,227,2.6493,NEAR OCEAN,189017.07
-122.25,37.81,28,5806,1603.0,2563,1497,3.2177,NEAR BAY,291759.07
-122.27,37.48,26,3542,507.0,1392,524,8.5184,NEAR OCEAN,440597.32
-120.62,35.28,28,3952,592.0,1469,571,6.3144,NEAR OCEAN,411383.41
-117.31,34.43,16,5130,1172.0,3126,1046,1.6784,INLAND,86061.0
-118.75,34.17,18,6217,858.0,2703,834,6.8075,NEAR OCEAN,389679.1
-122.28,37.78,50,1487,306.0,730,327,2.5139,NEAR BAY,157965.0
-116.38,33.74,7,17579,3479.0,3581,1820,4.084,INLAND,165111.02
-116.86,33.73,13,2604,443.0,978,417,2.933,INLAND,129726.0
-122.4,37.76,52,1185,246.0,480,253,4.4074,NEAR BAY,284318.03
-118.24,33.99,41,1425,372.0,1803,353,1.6731,<1H OCEAN,105205.0
-118.25,34.13,36,2946,1025.0,2542,912,2.2244,<1H OCEAN,228167.0
-118.09,33.99,35,2787,639.0,1923,614,3.5757,<1H OCEAN,177429.0
-117.86,33.9,25,3205,409.0,1291,408,7.2478,<1H OCEAN,328682.0
-117.69,33.54,20,1767,280.0,801,284,6.5394,<1H OCEAN,290515.0
-121.37,38.58,37,2839,390.0,1006,400,7.3343,INLAND,326145.02
-117.18,33.78,7,1697,424.0,808,354,1.3417,INLAND,123128.0
-118.1,33.79,35,2370,379.0,996,380,5.7368,<1H OCEAN,298453.01
-118.16,34.06,27,1675,274.0,785,275,5.828,<1H OCEAN,297303.03
-116.53,33.88,5,4423,763.0,1906,667,4.6855,INLAND,193347.01
-117.92,33.75,23,893,223.0,1149,216,2.6442,<1H OCEAN,172338.0
-119.77,36.3,24,2202,471.0,1052,439,2.1038,INLAND,78392.0
-116.95,33.68,11,1183,178.0,543,147,4.4792,INLAND,192528.0
-119.14,34.49,17,321,44.0,92,39,7.75,<1H OCEAN,373255.21
-117.17,32.82,21,2869,596.0,1471,577,3.0375,NEAR OCEAN,208615.0
-121.23,38.67,27,5266,971.0,2432,948,3.8954,INLAND,155144.0
-117.82,33.85,21,2603,404.0,1350,390,6.057,<1H OCEAN,271017.0
-118.19,34.02,34,1478,369.0,1735,348,1.8875,<1H OCEAN,144123.0
-122.27,37.78,52,1408,280.0,718,265,2.6806,NEAR BAY,179126.0
-122.47,37.69,35,1720,421.0,1452,425,3.5909,NEAR OCEAN,253913.0
-117.97,33.68,23,1722,316.0,865,309,4.6452,<1H OCEAN,249762.04
-121.37,36.83,14,3658,612.0,1951,600,4.76,INLAND,239337.0
-118.96,35.4,27,2473,400.0,1271,427,3.5524,INLAND,85190.0
-122.0,38.35,34,1084,187.0,561,198,4.2115,INLAND,160138.0
-117.9,34.1,31,3007,653.0,1766,616,3.7083,<1H OCEAN,174178.0
-118.15,34.12,52,1518,344.0,725,296,3.4018,<1H OCEAN,236642.0
-122.25,37.81,46,3232,835.0,1373,747,3.225,NEAR BAY,231682.01
-118.57,34.22,17,3262,753.0,1879,708,4.1359,<1H OCEAN,221780.0
-120.08,37.06,18,402,76.0,213,71,1.9063,INLAND,99409.0
-118.2,33.84,35,3405,779.0,1953,671,2.7813,NEAR OCEAN,182777.0
-120.85,37.77,37,1738,403.0,936,366,2.4717,INLAND,99468.0
-118.3,33.82,26,2080,560.0,2096,506,2.8106,<1H OCEAN,194977.0
-118.36,34.1,52,1096,247.0,423,230,3.0179,<1H OCEAN,357173.04
-117.18,33.51,13,270,42.0,120,42,6.993,<1H OCEAN,377382.16
-118.22,33.98,15,1011,274.0,899,219,2.7045,<1H OCEAN,148138.0
-118.29,34.03,38,1501,437.0,1777,441,2.0848,<1H OCEAN,145743.0
-122.72,40.17,16,396,78.0,188,72,1.3889,INLAND,64609.92
-122.17,37.74,43,818,193.0,494,179,2.4776,NEAR BAY,89773.0
-117.44,34.09,24,3477,831.0,2541,753,2.3682,INLAND,111685.0
-119.16,36.28,18,2377,414.0,1359,424,4.4,INLAND,117833.0
-117.27,33.68,8,26322,4072.0,9360,3361,5.3238,<1H OCEAN,247041.01
-117.09,32.64,20,1999,651.0,1302,592,1.6321,NEAR OCEAN,114970.0
-119.99,36.8,45,1270,242.0,598,214,3.2813,INLAND,101757.0
-117.94,34.08,34,1970,476.0,1269,406,4.064,<1H OCEAN,186625.0
-117.87,33.88,28,2612,602.0,1682,563,3.6417,<1H OCEAN,195309.0
-121.29,37.98,49,2501,565.0,1171,550,2.5043,INLAND,97798.0
-118.31,34.03,34,2041,517.0,1479,495,2.1173,<1H OCEAN,150257.0
-118.17,33.79,32,2171,672.0,3002,648,2.375,NEAR OCEAN,154035.0
-117.22,32.87,5,3511,1008.0,1599,918,3.8542,NEAR OCEAN,225287.0
-121.93,37.93,16,2876,391.0,1089,377,6.299,INLAND,263248.0
-118.37,33.82,32,2815,607.0,1338,609,4.5687,<1H OCEAN,363956.07
-119.76,36.81,19,4643,1429.0,4638,1335,1.2716,INLAND,65472.0
-118.2,34.11,37,2040,611.0,1698,545,1.9355,<1H OCEAN,167154.0
-117.95,33.63,27,891,183.0,513,171,6.0,<1H OCEAN,310555.16
-118.29,34.65,18,6893,1372.0,2837,1221,3.3173,INLAND,136385.0
-119.02,35.37,44,2687,620.0,1521,549,1.7213,INLAND,56432.0
-119.16,34.12,17,224,70.0,147,71,3.6167,NEAR OCEAN,267913.06
-119.86,34.38,26,1626,375.0,1580,359,2.1471,NEAR OCEAN,219031.01
-117.67,34.1,28,1263,248.0,601,219,3.875,INLAND,156426.0
-118.02,33.95,35,2085,400.0,1112,391,3.4886,<1H OCEAN,182546.0
-119.3,36.34,45,3723,831.0,2256,770,1.8299,INLAND,60761.0
-121.8,38.01,46,2273,495.0,1088,447,2.2532,INLAND,101848.0
-121.33,38.66,15,4371,908.0,1842,818,2.7797,INLAND,135118.0
-122.17,37.88,32,3633,508.0,1393,506,7.6917,NEAR BAY,410820.06
-118.29,34.01,40,885,312.0,799,221,1.1667,<1H OCEAN,130828.0
-121.42,37.75,33,1999,368.0,1061,390,3.5242,INLAND,137639.0
-122.04,37.99,38,2675,541.0,1378,480,3.8897,NEAR BAY,147849.0
-118.09,34.09,40,855,208.0,745,222,3.0125,<1H OCEAN,199440.0
-122.2,37.78,39,1752,399.0,1071,376,3.1167,NEAR BAY,165766.0
-118.06,33.83,17,1973,516.0,1112,501,3.8512,<1H OCEAN,212155.0
-118.3,34.0,52,1743,421.0,1206,384,1.6875,<1H OCEAN,115329.0
-119.36,36.33,11,3221,617.0,1351,565,2.9844,INLAND,97755.0
-117.82,33.72,24,3260,458.0,1383,442,6.5987,<1H OCEAN,302248.02
-117.91,34.02,17,5973,1384.0,4349,1229,3.2799,<1H OCEAN,182273.0
-118.57,34.25,20,4679,609.0,1945,609,8.7471,<1H OCEAN,445059.28
-122.01,37.36,16,1105,354.0,499,324,4.2061,<1H OCEAN,263459.04
-122.08,37.38,33,2771,659.0,1496,581,3.4042,NEAR BAY,266230.01
-120.59,38.45,13,2944,558.0,1091,466,3.0,INLAND,124770.0
-118.56,34.2,35,2273,,1431,403,4.0789,<1H OCEAN,207782.0
-122.24,37.81,52,2093,550.0,918,483,2.7477,NEAR BAY,183717.0
-119.64,36.31,27,1513,314.0,1071,284,1.5909,INLAND,53368.0
-117.83,33.65,9,638,266.0,426,234,3.7875,<1H OCEAN,278974.11
-117.65,33.4,17,2737,654.0,910,492,3.5729,NEAR OCEAN,246863.01
-118.12,33.77,10,7264,1137.0,2528,1057,10.2233,NEAR OCEAN,470253.36
-117.55,33.93,25,5187,934.0,2725,860,4.1865,INLAND,169214.0
-122.01,37.95,8,3866,539.0,1555,513,6.0901,NEAR BAY,291389.0
-117.94,33.94,25,3250,546.0,1452,501,5.1084,<1H OCEAN,241399.0
-118.01,33.77,32,1771,296.0,995,272,5.8362,<1H OCEAN,281843.05
-123.18,40.58,18,1451,278.0,695,254,1.7262,INLAND,82875.0
-117.3,34.15,40,961,199.0,509,182,2.06,INLAND,76263.0
-122.4,38.53,24,1741,289.0,564,231,3.6118,INLAND,183598.0
-121.41,38.6,16,5407,1467.0,2523,1265,2.0471,INLAND,107999.0
-121.18,39.19,16,1528,351.0,729,319,2.4688,INLAND,135067.0
-118.25,33.78,32,296,139.0,511,133,1.4444,NEAR OCEAN,158986.0
-120.45,34.65,27,2215,578.0,1544,527,1.9257,NEAR OCEAN,134456.0
-118.32,33.35,27,1675,521.0,744,331,2.1579,ISLAND,262259.01
-121.64,36.82,18,1819,283.0,919,295,4.1696,<1H OCEAN,245180.04
-122.28,37.87,46,3022,696.0,1293,675,2.543,NEAR BAY,190817.0
-121.38,38.59,38,1839,287.0,685,276,4.5313,INLAND,153818.0
-118.06,34.09,40,1975,389.0,1116,378,4.2898,<1H OCEAN,228153.0
-116.36,33.78,6,24121,4522.0,4176,2221,3.3799,INLAND,155266.04
-117.76,33.88,9,4838,759.0,2090,695,6.6536,<1H OCEAN,302249.02
-118.47,34.02,35,3057,774.0,2223,732,2.0745,<1H OCEAN,293591.0
-117.9,33.61,41,1521,328.0,527,275,4.0764,<1H OCEAN,464547.76
-123.85,39.39,23,4671,912.0,2095,857,3.184,<1H OCEAN,179249.0
-122.83,38.39,19,1765,394.0,868,388,2.462,<1H OCEAN,178200.0
-122.44,37.76,52,1968,472.0,784,430,3.3702,NEAR BAY,366126.08
-122.42,37.74,52,1786,427.0,856,394,3.0833,NEAR BAY,281538.01
-118.25,34.0,41,1768,475.0,1721,474,1.303,<1H OCEAN,102743.0
-118.28,34.06,52,1261,616.0,2309,581,1.6184,<1H OCEAN,215240.0
-120.84,37.5,47,2310,484.0,1126,447,2.2083,INLAND,96200.0
-118.37,34.2,34,2199,609.0,2488,597,2.9861,<1H OCEAN,192748.0
-117.84,34.63,5,6739,1251.0,4614,1266,4.002,INLAND,151308.0
-122.41,37.64,38,1204,268.0,921,247,4.4464,NEAR OCEAN,262200.0
-117.9,34.13,5,1126,316.0,819,311,1.5,<1H OCEAN,220042.13
-121.87,39.75,22,1707,296.0,822,297,3.6625,INLAND,98853.0
-119.81,36.76,48,2059,388.0,834,405,2.9306,INLAND,78903.0
-121.87,37.32,39,1839,471.0,1528,456,2.6818,<1H OCEAN,180723.0
-118.45,33.99,52,1829,472.0,779,424,3.1607,<1H OCEAN,362239.04
-119.5,34.35,39,308,38.0,59,21,11.7794,NEAR OCEAN,267871.26
-117.92,33.91,33,2868,382.0,1204,412,6.1825,<1H OCEAN,303554.01
-119.8,36.75,52,1788,449.0,1156,418,1.7298,INLAND,64459.0
-118.23,33.93,39,2065,532.0,2015,535,0.8478,<1H OCEAN,101215.0
-119.79,36.76,52,2408,498.0,1361,465,2.1055,INLAND,63172.0
-120.45,34.96,21,2121,445.0,2211,463,4.0603,<1H OCEAN,165218.0
-121.96,37.95,13,3216,765.0,1627,715,3.0859,INLAND,141408.0
-117.09,32.8,36,2163,367.0,915,360,4.7188,NEAR OCEAN,181182.0
-117.85,33.62,18,729,105.0,316,108,10.3893,<1H OCEAN,472388.48
-122.19,39.74,39,4179,814.0,2111,809,2.3507,INLAND,77364.0
-122.45,37.9,30,3763,717.0,1292,632,8.4888,NEAR BAY,462947.26
-122.06,37.86,16,5187,1014.0,1512,986,4.4551,NEAR BAY,284003.1
-120.5,38.87,10,81,41.0,55,16,4.9583,INLAND,175278.0
-120.41,34.87,15,1534,251.0,761,240,4.9028,<1H OCEAN,210492.0
-117.76,34.13,8,16759,2274.0,7249,2156,7.4837,INLAND,313441.0
-121.32,36.79,30,516,90.0,288,95,3.6333,INLAND,183786.0
-121.96,37.53,23,2215,475.0,1278,492,4.2955,<1H OCEAN,231924.01
-124.09,40.92,12,2497,491.0,1153,462,2.8182,NEAR OCEAN,100741.0
-121.49,37.94,31,1860,394.0,1848,293,2.2891,INLAND,84931.0
-117.26,33.18,9,4540,793.0,2235,746,4.5781,NEAR OCEAN,245695.01
-115.51,33.12,21,1024,218.0,890,232,2.101,INLAND,58984.0
-117.88,33.74,16,1444,446.0,2329,441,3.1691,<1H OCEAN,165030.0
-122.42,37.78,52,989,425.0,634,341,2.4414,NEAR BAY,297679.1
-122.2,37.75,36,606,132.0,531,133,1.5809,NEAR BAY,85552.0
-116.96,34.94,20,2355,467.0,1198,428,3.9934,INLAND,93670.0
-117.95,33.84,34,1229,215.0,1035,218,3.5455,<1H OCEAN,179502.0
-121.93,37.71,26,4822,845.0,2288,805,4.2281,<1H OCEAN,250231.01
-121.77,37.22,16,1617,306.0,667,264,4.5221,<1H OCEAN,268074.02
-121.96,38.34,14,3035,680.0,1597,663,3.6036,INLAND,139744.0
-121.32,36.42,20,1054,269.0,1219,273,3.0437,<1H OCEAN,146646.0
-118.44,33.98,21,18132,5419.0,7431,4930,5.3359,<1H OCEAN,386106.37
-124.17,40.8,52,1606,419.0,891,367,1.585,NEAR OCEAN,76145.0
-122.23,37.45,34,4177,723.0,1586,660,5.0457,NEAR OCEAN,348603.06
-117.15,34.48,31,265,55.0,186,55,2.125,INLAND,111723.0
-117.98,34.14,24,1596,388.0,1329,352,3.0417,INLAND,145638.0
-120.95,37.59,29,1727,439.0,1063,386,1.8929,INLAND,88464.0
-121.95,37.35,48,1246,294.0,697,284,3.6118,<1H OCEAN,243459.0
-122.38,37.34,33,1054,209.0,400,161,7.7773,NEAR OCEAN,444551.44
-121.47,38.68,19,946,182.0,474,173,5.0155,INLAND,169659.0
-118.45,34.19,11,2479,900.0,2466,855,2.2264,<1H OCEAN,203837.0
-121.88,37.26,25,3025,689.0,1755,661,3.8893,<1H OCEAN,224423.0
-121.8,40.34,26,4815,910.0,1341,539,2.881,INLAND,94032.0
-121.82,37.39,37,4137,636.0,1569,578,6.1008,<1H OCEAN,416217.21
-120.87,38.71,13,2692,470.0,1302,420,4.0,INLAND,157502.0
-115.56,32.79,20,2372,835.0,2283,767,1.1707,INLAND,60419.0
-122.49,37.7,36,1946,340.0,828,313,5.2811,NEAR OCEAN,315590.0
-118.37,34.03,37,1236,,966,292,3.0694,<1H OCEAN,237531.01
-118.39,34.15,36,2696,713.0,905,659,3.1146,<1H OCEAN,377625.11
-119.78,36.73,52,1377,319.0,1280,259,1.2344,INLAND,51265.0
-117.89,33.66,33,3595,785.0,1621,732,4.1372,<1H OCEAN,276486.0
-121.37,38.56,19,6308,1167.0,3012,1112,2.9464,INLAND,115790.0
-118.2,33.85,46,1854,462.0,1360,429,2.4844,<1H OCEAN,154818.0
-120.46,37.31,26,3170,572.0,1524,565,3.48,INLAND,106937.0
-120.94,37.65,13,5075,978.0,3033,838,3.0577,INLAND,113563.0
-121.79,37.66,22,14701,2210.0,6693,2232,5.98,INLAND,273369.0
-122.08,40.64,14,3099,519.0,1447,494,4.0132,INLAND,132472.0
-118.41,34.02,34,1430,357.0,805,362,3.3462,<1H OCEAN,329715.07
-118.3,33.97,46,1425,317.0,1140,304,3.375,<1H OCEAN,130082.0
-118.42,34.16,46,54,9.0,20,6,0.536,<1H OCEAN,359136.27
-121.88,37.44,17,1621,299.0,1028,293,5.2722,<1H OCEAN,236360.0
-118.17,34.19,45,1790,316.0,1035,312,4.0985,<1H OCEAN,217525.0
-116.86,32.87,17,5799,921.0,2630,843,5.0524,<1H OCEAN,211653.0
-118.13,33.86,37,2259,425.0,1183,413,5.1805,<1H OCEAN,251981.01
-119.24,35.77,28,1737,521.0,1764,514,1.7813,INLAND,53509.0
-121.67,36.93,22,569,132.0,542,125,2.1875,<1H OCEAN,155839.01
-121.94,37.31,5,2364,578.0,1102,502,5.2642,<1H OCEAN,309061.01
-119.33,36.32,23,3137,628.0,1446,548,2.5,INLAND,80992.0
-117.23,32.8,27,1297,355.0,776,337,2.4643,NEAR OCEAN,221611.0
-121.27,37.96,41,461,101.0,382,79,1.275,INLAND,66105.0
-118.19,34.13,50,1309,302.0,883,293,3.1287,<1H OCEAN,194817.0
-122.52,37.88,52,176,50.0,88,46,3.8068,NEAR BAY,397071.03
-118.11,33.9,35,1323,269.0,1084,240,5.0753,<1H OCEAN,186677.0
-121.76,38.57,11,15018,3008.0,7984,2962,3.1371,INLAND,144098.0
-116.97,33.78,24,2680,606.0,1728,527,2.535,INLAND,111842.0
-117.17,32.75,28,1514,384.0,540,352,2.1532,NEAR OCEAN,162647.0
-118.4,33.87,38,2398,431.0,911,392,5.2319,<1H OCEAN,407645.33
-118.41,34.03,24,3711,1192.0,1764,1147,3.1642,<1H OCEAN,355904.03
-122.63,38.24,45,1615,338.0,823,327,2.5179,<1H OCEAN,215325.0
-120.59,37.59,36,291,48.0,124,47,5.6945,INLAND,199478.02
-120.98,38.34,27,3471,653.0,1793,600,3.5508,INLAND,132816.0
-118.37,33.93,10,199,41.0,61,56,2.8958,<1H OCEAN,217712.03
-118.28,34.17,52,2332,433.0,1135,440,5.5658,<1H OCEAN,360426.08
-118.21,34.04,47,1306,391.0,1499,346,2.2788,<1H OCEAN,144768.0
-122.4,37.76,52,4265,912.0,1555,836,4.119,NEAR BAY,314282.01
-118.4,34.14,45,417,89.0,187,88,5.1377,<1H OCEAN,322632.1
-121.53,38.56,39,2438,483.0,1103,472,2.9375,INLAND,104267.0
-121.89,37.25,23,2705,449.0,1180,442,6.0791,<1H OCEAN,298295.01
-119.65,36.35,38,3148,568.0,1378,537,2.8788,INLAND,77339.0
-117.95,35.13,4,2630,502.0,1150,422,4.25,INLAND,101202.0
-121.96,38.02,35,2691,542.0,1409,505,3.016,INLAND,106834.0
-122.04,38.24,22,2761,757.0,2612,641,1.6875,INLAND,98241.0
-122.11,37.14,29,3201,640.0,1722,570,4.4597,NEAR OCEAN,256909.05
-117.3,34.12,50,1629,437.0,1581,394,2.2019,INLAND,76522.0
-122.58,38.46,15,2936,517.0,1182,501,3.3981,<1H OCEAN,193851.0
-122.18,37.8,23,2317,336.0,955,328,6.7527,NEAR BAY,335233.01
-118.15,34.67,5,12317,2953.0,6291,2654,3.5732,INLAND,139039.0
-118.19,33.82,11,872,203.0,422,221,4.6364,NEAR OCEAN,233998.0
-121.46,38.55,40,2077,435.0,1454,385,2.0074,INLAND,71541.0
-117.99,33.66,29,1330,293.0,613,236,4.6591,<1H OCEAN,313593.09
-118.27,33.76,46,22,11.0,32,7,3.125,NEAR OCEAN,245631.01
-117.28,32.83,34,2392,653.0,933,619,3.7306,NEAR OCEAN,390160.29
-118.34,33.93,33,4294,1224.0,4512,1189,2.8304,<1H OCEAN,175780.0
-119.55,36.72,6,1186,234.0,1135,218,2.1515,INLAND,86045.0
-116.48,33.94,10,3254,913.0,923,486,1.8,INLAND,100578.0
-120.93,39.96,15,1666,351.0,816,316,2.9559,INLAND,92377.0
-114.65,33.6,28,1678,322.0,666,256,2.9653,INLAND,83015.0
-122.48,37.75,48,2555,548.0,1285,482,3.7734,NEAR BAY,328745.0
-117.85,34.1,22,5179,944.0,2315,884,4.51,<1H OCEAN,206820.0
-122.29,37.9,52,1604,263.0,594,286,5.338,NEAR BAY,329293.09
-120.81,38.73,38,2005,385.0,882,353,2.5104,INLAND,109138.0
-122.26,37.78,52,970,217.0,528,208,3.3438,NEAR BAY,201350.0
-118.47,33.99,41,1146,310.0,833,270,2.5938,<1H OCEAN,339205.03
-116.39,33.82,15,11115,2257.0,4122,1653,2.7219,INLAND,112131.0
-117.85,33.79,46,1846,383.0,867,336,3.4234,<1H OCEAN,210780.0
-122.27,37.89,52,1978,293.0,723,272,5.3989,NEAR BAY,317372.05
-122.32,37.55,44,2151,411.0,849,370,4.4583,NEAR OCEAN,375588.1
-118.58,34.17,29,3393,574.0,1471,587,6.2064,<1H OCEAN,388967.16
-118.44,34.32,14,6235,1286.0,3568,1190,4.1724,<1H OCEAN,211867.01
-116.15,34.14,18,3312,705.0,1251,512,3.0139,INLAND,79019.0
-117.92,33.75,32,790,199.0,1196,201,3.0625,<1H OCEAN,164964.0
-118.36,33.89,27,2837,684.0,2141,648,3.1325,<1H OCEAN,229479.0
-117.91,33.78,26,4297,1037.0,3596,967,3.045,<1H OCEAN,185072.0
-117.39,34.09,10,5736,945.0,3528,932,4.3958,INLAND,136914.0
-118.08,33.86,17,2259,383.0,1378,386,5.8733,<1H OCEAN,295796.04
-117.82,33.67,17,2895,439.0,1588,450,6.276,<1H OCEAN,290259.0
-116.89,32.99,14,2816,501.0,1448,452,5.0278,<1H OCEAN,190508.0
-117.98,34.07,15,3543,888.0,3131,823,3.0184,INLAND,147033.0
-122.71,38.42,23,1569,414.0,1031,368,1.6267,<1H OCEAN,142270.0
-122.13,37.44,38,2835,447.0,1148,446,5.9277,NEAR BAY,371563.06
-121.47,39.01,37,1244,247.0,484,157,2.3661,INLAND,87027.0
-118.08,33.94,21,3933,949.0,2219,820,2.4926,<1H OCEAN,174966.0
-119.03,34.25,25,3344,502.0,1483,496,6.196,<1H OCEAN,277350.0
-118.13,33.81,37,1228,237.0,572,242,4.325,<1H OCEAN,222820.0
-117.88,33.74,31,1120,296.0,1718,268,2.8077,<1H OCEAN,170350.0
-118.16,33.77,38,3235,769.0,1284,752,2.9384,NEAR OCEAN,248375.0
-122.79,39.02,23,642,203.0,265,84,1.8833,INLAND,83937.99
-120.03,38.19,26,7005,1358.0,416,189,2.125,INLAND,106221.0
-117.09,32.57,17,444,83.0,357,87,5.1478,NEAR OCEAN,174531.01
-119.57,37.94,17,346,130.0,51,20,3.4861,INLAND,148287.0
-121.07,39.13,8,4839,832.0,1977,762,4.0848,INLAND,177488.0
-115.57,32.78,25,2007,301.0,1135,332,5.128,INLAND,142044.01
-117.09,33.15,13,3958,865.0,1981,840,3.4764,<1H OCEAN,176361.0
-122.85,38.62,16,4418,704.0,1908,697,4.5913,<1H OCEAN,234667.0
-118.47,34.23,22,8350,2717.0,9135,2452,2.5008,<1H OCEAN,188987.0
-118.14,34.17,42,2757,713.0,2112,653,2.7148,<1H OCEAN,177505.01
-122.45,37.71,49,2244,442.0,1948,423,4.7639,NEAR OCEAN,265069.02
-122.04,38.25,38,1214,244.0,632,254,2.8438,INLAND,103531.0
-118.8,34.21,16,1466,196.0,661,209,6.2893,<1H OCEAN,268140.0
-118.08,34.16,42,3490,665.0,1713,620,4.5461,INLAND,291480.0
-117.04,32.74,33,3880,770.0,2288,805,3.6848,NEAR OCEAN,142380.0
-121.87,37.27,18,3561,560.0,1753,553,5.0292,<1H OCEAN,255911.0
-120.48,41.82,20,1367,284.0,429,181,2.0227,INLAND,67158.0
-122.76,38.35,30,2260,374.0,958,359,5.0323,<1H OCEAN,252065.0
-122.34,40.51,16,2247,502.0,1206,463,1.9946,INLAND,77123.0
-117.0,32.73,17,6050,1143.0,3424,1131,3.7647,<1H OCEAN,152533.0
-117.31,34.5,14,2443,447.0,883,465,2.1111,INLAND,101819.0
-119.33,36.32,19,2778,431.0,1092,451,5.2561,INLAND,130977.0
-123.19,39.12,38,267,57.0,196,60,2.3125,<1H OCEAN,122263.0
-118.43,34.18,33,2717,662.0,1546,597,3.9099,<1H OCEAN,266655.0
-118.24,34.14,27,2909,1021.0,2614,935,2.1444,<1H OCEAN,222015.0
-122.46,37.75,52,1207,152.0,465,162,10.7569,NEAR BAY,499758.99
-117.05,32.75,35,2144,388.0,1003,383,3.0938,NEAR OCEAN,153537.0
-118.96,34.3,16,3103,482.0,1567,467,6.907,<1H OCEAN,341406.04
-122.14,37.46,27,5580,2009.0,4165,1763,2.4375,NEAR BAY,191764.0
-118.44,34.24,35,2344,435.0,1531,399,3.725,<1H OCEAN,183319.0
-121.42,38.55,35,182,39.0,115,43,2.6417,INLAND,92283.0
-121.87,37.33,37,3137,685.0,2048,651,3.0156,<1H OCEAN,181728.0
-122.22,37.46,37,2586,495.0,1208,502,4.3214,NEAR OCEAN,350345.1
-118.35,34.16,49,1305,228.0,584,255,5.636,<1H OCEAN,362998.12
-117.88,33.83,25,1785,248.0,750,251,6.8407,<1H OCEAN,298097.01
-119.87,36.79,8,2875,548.0,1718,551,3.6522,INLAND,85981.0
-122.27,37.85,52,4076,920.0,1800,815,2.7054,NEAR BAY,189283.0
-118.16,33.87,32,1854,471.0,1363,478,2.6406,<1H OCEAN,178387.0
-120.87,37.76,16,2022,413.0,1126,408,2.5655,INLAND,121920.0
-122.44,37.77,52,2705,647.0,1355,628,2.0161,NEAR BAY,272814.0
-117.37,34.01,15,1386,247.0,703,185,3.6415,INLAND,130742.0
-118.47,34.03,29,3287,882.0,1523,823,3.7381,<1H OCEAN,406572.1
-118.28,33.92,39,1274,282.0,975,277,1.5114,<1H OCEAN,100376.0
-117.8,33.69,16,2745,447.0,1429,411,6.8219,<1H OCEAN,289593.0
-122.17,38.08,7,18392,2782.0,8276,2742,6.4232,NEAR BAY,295799.0
-118.07,34.07,31,1370,284.0,1062,277,3.5156,<1H OCEAN,177824.0
-122.15,37.47,39,1295,239.0,566,242,5.6407,NEAR BAY,350246.07
-117.82,33.81,19,2556,304.0,822,260,9.9055,<1H OCEAN,474907.51
-121.86,37.39,17,1777,328.0,1235,329,5.4225,<1H OCEAN,227846.0
-117.19,32.75,52,25,5.0,13,5,0.536,NEAR OCEAN,179410.1
-121.29,38.03,7,2021,441.0,1615,406,2.5842,INLAND,111863.0
-121.89,37.45,15,2428,513.0,1687,519,4.75,<1H OCEAN,216680.0
-118.95,34.81,30,2817,604.0,1089,412,3.1364,INLAND,113511.0
-118.43,34.01,31,2526,528.0,1046,504,4.7009,<1H OCEAN,417683.19
-121.94,38.35,8,3157,559.0,1758,569,4.412,INLAND,145141.0
-118.29,33.92,23,2503,532.0,1735,505,2.7368,<1H OCEAN,164980.0
-118.08,33.87,23,2536,552.0,2012,556,4.1406,<1H OCEAN,187439.0
-117.17,32.71,7,2493,693.0,951,641,4.2375,NEAR OCEAN,264703.03
-118.46,34.03,52,523,,317,130,2.2794,<1H OCEAN,306128.07
-120.59,37.35,15,3249,613.0,1569,595,3.5393,INLAND,100002.0
-122.26,37.45,17,2742,441.0,986,421,5.9285,NEAR OCEAN,403643.16
-117.31,34.53,26,2299,496.0,1259,441,2.6125,INLAND,109343.0
-120.48,39.66,32,1516,289.0,304,131,1.8839,INLAND,73843.0
-118.45,34.31,9,1739,358.0,820,323,4.0556,<1H OCEAN,212336.04
-118.16,34.04,45,332,70.0,302,60,3.1895,<1H OCEAN,175798.0
-118.23,33.93,37,239,49.0,308,52,1.4028,<1H OCEAN,179642.0
-121.04,37.5,33,613,123.0,343,116,3.1875,INLAND,137598.0
-121.13,36.21,34,2504,550.0,1810,547,3.4821,<1H OCEAN,176495.0
-121.88,37.24,24,4420,996.0,2981,975,3.506,<1H OCEAN,245644.01
-118.35,34.17,47,858,170.0,365,171,2.0385,<1H OCEAN,226794.0
-121.94,37.34,29,3377,853.0,1674,792,3.4233,<1H OCEAN,274553.0
-121.17,37.82,35,2506,406.0,1316,398,3.8472,INLAND,141351.0
-118.4,34.07,22,2170,593.0,850,520,2.9107,<1H OCEAN,381854.18
-122.41,37.77,52,361,76.0,168,55,3.2292,NEAR BAY,275655.01
-122.1,37.4,23,514,210.0,367,206,3.1736,NEAR BAY,216414.0
-121.29,38.67,20,1992,363.0,889,346,3.6516,INLAND,135703.0
-119.69,36.82,15,3303,512.0,1687,505,4.81,INLAND,120491.0
-118.28,34.18,47,2243,339.0,911,319,7.4046,<1H OCEAN,443597.31
-118.02,34.04,27,5640,1001.0,3538,978,5.065,<1H OCEAN,251013.01
-120.45,34.65,25,980,276.0,896,245,2.0,NEAR OCEAN,139367.0
-122.18,37.8,34,1355,195.0,442,195,6.2838,NEAR BAY,389758.05
-118.41,34.19,39,1169,242.0,612,247,4.1429,<1H OCEAN,218093.0
-122.42,37.79,52,3511,1232.0,2452,1131,2.5013,NEAR BAY,322979.09
-117.28,34.26,18,3895,,1086,375,3.3672,INLAND,122136.0
-118.31,34.01,52,2547,475.0,1417,444,1.8214,<1H OCEAN,123301.0
-118.28,33.97,31,2017,566.0,2063,521,1.9219,<1H OCEAN,102932.0
-121.89,36.63,20,1834,554.0,971,514,3.0383,<1H OCEAN,212962.0
-118.56,34.23,36,2406,432.0,1242,454,4.6944,<1H OCEAN,222230.0
-121.62,39.13,41,1147,243.0,583,239,2.2431,INLAND,82525.0
-121.86,37.37,15,8162,2124.0,8793,2086,3.3306,<1H OCEAN,202399.0
-122.2,37.77,43,2430,502.0,1537,484,2.898,NEAR BAY,132613.0
-117.71,34.1,41,555,130.0,1492,123,2.2813,INLAND,120024.0
-118.41,34.21,35,2215,459.0,1594,446,4.0167,<1H OCEAN,190698.0
-118.2,33.98,32,1403,399.0,1506,375,2.0,<1H OCEAN,157290.0
-118.08,34.55,5,16181,2971.0,8152,2651,4.5237,INLAND,150972.0
-121.76,37.69,29,3433,711.0,1919,709,3.3841,INLAND,169237.0
-122.02,37.94,19,3192,612.0,1317,594,4.125,NEAR BAY,206504.0
-118.27,34.09,52,2327,555.0,1048,491,3.7847,<1H OCEAN,259743.02
-122.02,37.89,29,6349,858.0,2450,778,7.5,NEAR BAY,388736.01
-121.88,37.46,5,1819,245.0,802,228,10.9722,<1H OCEAN,496976.93
-118.1,33.84,36,1915,316.0,850,319,4.7222,<1H OCEAN,227621.0
-117.85,34.07,32,761,101.0,295,95,11.1077,<1H OCEAN,479072.39
-117.04,32.8,11,1802,440.0,630,428,2.0337,<1H OCEAN,132826.0
-118.38,33.81,20,1975,306.0,703,292,8.5491,NEAR OCEAN,471472.76
-122.29,37.87,44,2539,755.0,1382,713,2.537,NEAR BAY,196540.0
-120.17,39.33,18,1046,204.0,486,179,4.119,INLAND,148783.0
-122.0,38.41,11,2838,429.0,1331,426,4.945,INLAND,184304.0
-118.12,33.85,37,2386,409.0,1101,399,4.6908,<1H OCEAN,218068.0
-118.29,33.71,40,1933,475.0,902,412,4.25,NEAR OCEAN,310045.03
-120.84,37.07,24,1520,335.0,882,306,2.2019,INLAND,91065.0
-118.38,34.07,21,3653,956.0,1510,890,3.5573,<1H OCEAN,437085.32
-121.97,37.97,24,1330,183.0,656,205,5.0092,INLAND,201891.0
-118.77,34.28,6,4685,965.0,2180,909,4.5458,<1H OCEAN,257147.0
-118.99,35.37,36,832,198.0,814,174,1.4773,INLAND,51273.0
-117.18,32.79,30,5201,1104.0,2961,1064,3.2661,NEAR OCEAN,213540.01
-118.05,33.93,31,894,203.0,883,190,3.6771,<1H OCEAN,166821.0
-120.89,37.45,29,1940,337.0,1070,332,3.6597,INLAND,146051.0
-118.2,34.14,52,3800,646.0,1842,620,5.5524,<1H OCEAN,354067.11
-118.48,34.19,36,2058,423.0,1132,423,3.8833,<1H OCEAN,215558.0
-117.99,33.82,19,1991,528.0,1202,460,3.1538,<1H OCEAN,195519.0
-117.76,33.81,2,582,70.0,199,64,7.1193,<1H OCEAN,361876.1
-118.93,34.4,17,3275,599.0,2422,637,3.7092,<1H OCEAN,189451.0
-122.13,37.71,44,1613,339.0,776,346,3.1103,NEAR BAY,184267.0
-122.07,37.89,38,2139,343.0,809,340,5.5636,NEAR BAY,303050.03
-121.85,39.74,41,2901,689.0,1426,632,1.5633,INLAND,64986.0
-117.04,32.77,16,7963,1881.0,3769,1804,2.9624,<1H OCEAN,154622.0
-118.13,33.84,46,2439,429.0,944,374,4.2841,<1H OCEAN,251199.01
-117.13,32.72,17,1285,423.0,1208,409,1.758,NEAR OCEAN,120133.0
-117.72,33.61,26,2653,621.0,774,584,2.49,<1H OCEAN,127455.0
-119.79,36.82,23,4358,819.0,1852,802,3.4167,INLAND,100697.0
-118.31,34.16,37,2144,446.0,860,435,3.9464,<1H OCEAN,291273.01
-118.62,34.2,23,3098,542.0,1486,492,5.7613,<1H OCEAN,276488.01
-121.33,38.28,14,980,171.0,659,183,4.4306,INLAND,157408.0
-118.26,33.95,44,1481,329.0,999,315,1.5147,<1H OCEAN,95219.0
-120.41,34.86,15,978,187.0,407,182,4.375,<1H OCEAN,235037.01
-119.08,36.2,30,1677,358.0,1159,365,2.4554,INLAND,64674.0
-117.21,33.02,26,3194,454.0,1032,406,10.156,NEAR OCEAN,496092.96
-122.47,37.66,18,4172,806.0,3226,790,5.7535,NEAR OCEAN,320733.05
-121.92,36.62,52,728,161.0,313,142,3.4327,NEAR OCEAN,273299.03
-119.13,36.13,28,1673,385.0,1434,371,2.0586,INLAND,54208.0
-118.46,33.99,52,1158,253.0,528,253,3.5234,<1H OCEAN,348317.09
-122.01,36.99,41,2548,508.0,1290,488,3.6902,NEAR OCEAN,247217.0
-118.15,34.17,46,2553,558.0,1740,492,2.0278,<1H OCEAN,170457.03
-117.25,34.11,30,2173,560.0,1509,486,1.4079,INLAND,73913.0
-118.13,33.81,36,1749,322.0,855,319,4.6473,<1H OCEAN,231650.0
-118.94,34.18,25,3502,508.0,1713,508,5.5181,<1H OCEAN,272684.02
-122.28,37.81,35,948,184.0,467,169,1.8088,NEAR BAY,109746.0
-117.08,32.7,37,2176,418.0,1301,375,2.875,NEAR OCEAN,119781.0
-118.19,33.98,40,973,272.0,1257,258,2.8214,<1H OCEAN,150600.0
-122.11,37.38,22,3638,719.0,1329,650,5.0804,NEAR BAY,363743.18
-122.75,39.01,17,4162,967.0,889,414,3.4187,INLAND,152448.0
-122.67,38.25,32,1333,235.0,660,206,4.0729,<1H OCEAN,250784.0
-119.03,35.34,36,3474,645.0,1679,616,2.7256,INLAND,70061.0
-118.32,33.73,25,1099,168.0,407,159,7.6886,NEAR OCEAN,432886.6
-118.12,33.75,47,3330,569.0,1220,557,7.3672,NEAR OCEAN,468119.57
-117.25,32.8,37,1096,260.0,490,267,3.2663,NEAR OCEAN,277117.01
-118.19,34.03,42,2250,629.0,2588,609,1.9719,<1H OCEAN,140514.0
-117.91,34.1,35,2746,478.0,1779,501,4.25,<1H OCEAN,171107.0
-118.32,33.94,36,1153,224.0,639,226,4.0,<1H OCEAN,174579.0
-118.3,33.9,19,2421,689.0,1726,660,3.287,<1H OCEAN,199638.0
-117.47,33.94,34,2086,417.0,1501,395,3.2311,INLAND,113289.0
-122.27,37.85,52,335,83.0,152,77,2.2841,NEAR BAY,187839.08
-119.29,36.32,33,2107,451.0,1364,442,2.2024,INLAND,62407.0
-118.22,34.12,37,1298,242.0,750,255,5.2049,<1H OCEAN,296913.03
-122.35,37.98,34,3756,726.0,2237,686,3.7562,NEAR BAY,137097.0
-122.48,37.67,14,3395,1059.0,2258,945,2.964,NEAR OCEAN,246270.01
-118.41,33.97,44,2789,503.0,3732,474,4.6176,<1H OCEAN,323763.01
-117.15,33.16,5,4750,962.0,2726,905,3.5839,<1H OCEAN,190568.0
-118.41,34.19,45,1106,225.0,595,228,3.6625,<1H OCEAN,206151.0
-120.95,37.59,43,1561,354.0,862,332,1.8466,INLAND,81249.0
-122.01,39.21,50,1592,372.0,781,307,2.2679,INLAND,86750.0
-116.98,32.79,32,3756,662.0,1611,598,3.8667,<1H OCEAN,166593.0
-118.34,34.26,37,1776,301.0,702,265,5.2661,<1H OCEAN,321897.04
-118.31,33.88,35,1939,412.0,1036,400,3.5556,<1H OCEAN,235528.0
-117.13,32.73,52,1911,415.0,777,412,2.2429,NEAR OCEAN,183419.0
-117.12,32.9,13,1743,363.0,854,353,4.6667,<1H OCEAN,181202.0
-121.33,38.01,27,1612,234.0,630,255,5.318,INLAND,160598.0
-117.09,32.64,30,3171,862.0,2126,800,2.507,NEAR OCEAN,113082.0
-118.94,34.17,16,3746,508.0,1556,452,6.3303,<1H OCEAN,295999.01
-117.46,34.85,7,9759,1816.0,2933,1168,3.4912,INLAND,103501.0
-118.19,34.12,44,1219,324.0,1036,282,4.0417,<1H OCEAN,199682.0
-117.11,32.75,11,1607,478.0,1384,450,2.05,NEAR OCEAN,103079.0
-118.28,34.04,48,1521,513.0,1772,458,2.2232,<1H OCEAN,142646.0
-122.44,37.72,49,1557,405.0,1173,385,3.4605,NEAR BAY,242565.0
-121.96,37.34,34,1461,299.0,739,276,3.4375,<1H OCEAN,260900.0
-121.45,36.51,29,1045,311.0,1245,273,1.775,<1H OCEAN,124578.0
-118.22,33.96,42,1380,331.0,1290,288,2.8,<1H OCEAN,143109.0
-118.08,34.0,35,1188,342.0,1373,332,2.9107,<1H OCEAN,155279.0
-114.6,34.83,46,1497,309.0,787,271,2.1908,INLAND,60693.93
-121.28,38.68,14,11442,2690.0,6068,2435,2.6016,INLAND,127954.0
-117.86,33.63,17,3095,551.0,1175,534,5.3099,<1H OCEAN,287305.08
-118.36,33.98,45,1559,305.0,891,341,4.4038,<1H OCEAN,224034.0
-122.55,38.03,29,7174,1169.0,3063,1172,6.0902,NEAR BAY,362635.03
-118.37,34.14,21,4670,1161.0,1914,1094,3.7986,<1H OCEAN,333132.1
-122.06,37.95,36,2213,386.0,950,370,4.7386,NEAR BAY,208435.0
-117.9,33.67,26,2507,393.0,1333,392,6.1601,<1H OCEAN,288948.0
-122.07,40.95,14,2721,627.0,1356,468,3.0299,INLAND,96557.0
-118.13,33.93,34,2122,517.0,1578,488,3.1496,<1H OCEAN,207022.0
-118.3,34.03,40,1695,374.0,1138,357,2.7125,<1H OCEAN,135198.0
-121.85,38.0,26,3364,570.0,1806,566,4.2647,INLAND,144082.0
-118.45,34.18,22,2516,826.0,3350,713,2.0192,<1H OCEAN,188118.0
-114.61,34.84,48,1291,248.0,580,211,2.1571,INLAND,61338.93
-122.03,37.31,19,2885,859.0,1520,784,3.375,<1H OCEAN,284699.06
-121.44,38.54,44,2570,509.0,1145,503,2.5694,INLAND,86979.0
-121.35,38.0,22,3564,730.0,1539,699,3.675,INLAND,133108.0
-120.6,35.6,13,4461,764.0,1795,640,4.475,<1H OCEAN,246891.0
-118.27,34.07,42,1175,428.0,1593,407,2.3438,<1H OCEAN,186919.0
-122.4,38.46,33,2542,466.0,1099,420,4.635,INLAND,267283.0
-121.9,37.1,23,1708,287.0,670,238,6.4517,<1H OCEAN,301069.03
-117.78,33.76,25,2260,261.0,719,254,11.4537,<1H OCEAN,490493.41
-117.24,34.13,26,3774,716.0,1913,620,3.3534,INLAND,104334.0
-118.11,33.87,15,3254,598.0,1772,618,5.0417,<1H OCEAN,236672.0
-118.15,34.11,52,2375,369.0,930,351,7.4111,<1H OCEAN,460073.52
-118.29,33.98,48,1124,231.0,783,223,3.4444,<1H OCEAN,131633.0
-117.92,34.08,35,1860,323.0,1011,305,3.5536,<1H OCEAN,199530.0
-117.93,34.15,14,9610,2005.0,4723,1907,4.0393,INLAND,189926.0
-117.09,32.99,18,3215,588.0,1618,509,4.6028,<1H OCEAN,197778.0
-118.36,33.84,35,1577,279.0,743,274,5.7654,<1H OCEAN,326127.01
-121.94,36.98,21,3520,831.0,1486,753,3.0905,NEAR OCEAN,267176.01
-117.92,33.84,45,2019,394.0,1549,377,4.6111,<1H OCEAN,199352.0
-118.34,34.01,35,1359,359.0,655,341,2.5568,<1H OCEAN,181441.02
-117.08,34.96,28,1777,307.0,721,259,3.6343,INLAND,73466.0
-117.24,33.23,21,1718,308.0,1194,312,3.4359,<1H OCEAN,175462.01
-118.19,34.19,34,2061,260.0,825,254,15.0001,<1H OCEAN,499858.98
-124.16,40.79,52,1264,277.0,591,284,1.7778,NEAR OCEAN,69377.0
-118.33,34.01,43,2227,564.0,956,472,2.0217,<1H OCEAN,172207.0
-117.2,34.04,24,1587,222.0,676,234,6.0715,INLAND,162621.0
-117.84,33.77,26,3350,581.0,1314,550,3.5195,<1H OCEAN,224131.0
-117.66,35.6,14,1740,391.0,850,317,2.5812,INLAND,83916.0
-118.22,34.08,34,1709,562.0,2105,503,1.9704,<1H OCEAN,155352.01
-118.46,34.17,24,2814,675.0,1463,620,4.1875,<1H OCEAN,255222.0
-122.27,37.85,52,1228,293.0,648,303,2.1202,NEAR BAY,145703.0
-118.38,33.87,27,2287,491.0,1101,466,4.675,<1H OCEAN,372813.01
-117.25,32.94,16,4755,807.0,1829,756,6.7694,NEAR OCEAN,352858.03
-122.31,37.54,46,2444,397.0,952,402,4.75,NEAR OCEAN,358247.12
-119.72,36.76,23,6403,,3573,1260,2.3006,INLAND,77920.0
-118.0,33.94,37,903,158.0,444,158,3.75,<1H OCEAN,183253.0
-121.15,38.89,20,2024,313.0,879,309,5.2903,INLAND,196554.0
-122.0,37.36,19,2237,433.0,1158,426,6.7718,<1H OCEAN,326701.01
-121.9,38.01,16,2604,454.0,1696,481,4.6628,INLAND,161838.0
-122.78,38.52,23,2511,549.0,1052,527,2.4922,<1H OCEAN,172367.0
-117.2,34.13,14,3998,711.0,1509,665,3.4138,INLAND,112077.0
-118.13,34.44,10,2726,465.0,1773,459,4.8295,INLAND,236139.0
-118.38,34.15,36,2933,619.0,1115,579,4.3036,<1H OCEAN,408918.13
-118.9,34.26,5,25187,3521.0,11956,3478,6.9712,<1H OCEAN,346305.06
-121.82,37.35,24,2298,575.0,2409,569,3.4509,<1H OCEAN,179968.0
-119.57,36.7,30,2370,412.0,1248,410,3.1442,INLAND,89597.0
-118.59,34.25,15,9716,2387.0,4992,2225,3.6231,<1H OCEAN,221920.0
-117.5,34.66,20,1319,309.0,486,196,2.0184,INLAND,98803.98
-122.04,37.3,25,3807,600.0,1678,600,6.6818,<1H OCEAN,352383.07
-117.83,33.75,34,2660,601.0,1475,567,3.4152,<1H OCEAN,184721.0
-117.05,33.52,5,3471,530.0,1541,502,4.8083,<1H OCEAN,226847.0
-116.33,33.75,5,19107,3923.0,2880,1376,4.036,INLAND,157389.02
-118.92,34.4,23,1290,283.0,1060,279,3.3152,<1H OCEAN,190947.0
-118.43,34.3,28,271,61.0,246,62,1.7062,<1H OCEAN,191997.04
-120.99,38.67,8,4913,744.0,2005,723,5.4413,INLAND,209882.0
-119.77,36.77,38,3065,658.0,1441,625,2.0564,INLAND,65898.0
-120.67,38.76,35,2104,403.0,1060,400,2.1682,INLAND,97018.0
-122.11,37.89,32,2372,516.0,1067,492,4.3235,NEAR BAY,278446.02
-121.28,38.9,31,1297,259.0,765,240,2.7656,INLAND,99005.0
-117.25,33.2,10,2050,473.0,1302,471,2.7961,<1H OCEAN,143339.0
-117.47,33.98,8,12106,1913.0,5810,1717,4.9886,INLAND,161737.0
-118.08,33.9,42,1768,372.0,1155,368,3.558,<1H OCEAN,179248.0
-118.32,33.79,21,6638,1634.0,3240,1568,3.6797,<1H OCEAN,332593.0
-122.38,41.54,14,4453,797.0,1817,685,2.7468,INLAND,92097.0
-118.31,34.02,41,1046,216.0,727,201,1.6667,<1H OCEAN,128589.0
-117.84,34.13,26,3773,694.0,2103,688,4.6937,INLAND,217735.0
-117.63,34.09,8,3557,890.0,2251,765,2.6818,INLAND,122664.0
-117.64,33.63,10,4814,643.0,1808,588,8.798,<1H OCEAN,385265.08
-122.28,37.52,27,2958,655.0,1285,577,4.0801,NEAR OCEAN,334696.01
-122.78,38.37,21,795,163.0,414,162,3.7991,<1H OCEAN,207860.0
-119.83,36.77,23,2168,503.0,1190,425,2.625,INLAND,72909.0
-116.35,34.13,9,1969,406.0,805,349,1.5491,INLAND,72088.0
-116.52,33.84,17,4465,859.0,853,445,3.6875,INLAND,137643.0
-120.97,38.65,9,3707,602.0,1601,555,4.0714,INLAND,173671.0
-122.43,37.8,52,3172,848.0,1259,806,4.1047,NEAR BAY,489025.83
-118.12,33.96,38,2105,348.0,956,350,4.4125,<1H OCEAN,240522.0
-119.52,36.61,33,1225,275.0,1065,248,1.8958,INLAND,60297.0
-116.96,32.79,35,1081,266.0,691,259,2.6324,<1H OCEAN,155008.0
-121.54,39.47,14,1724,315.0,939,302,2.4952,INLAND,93651.0
-121.13,36.2,16,1868,443.0,1323,436,2.9559,<1H OCEAN,167634.0
-121.41,38.58,18,6955,1882.0,2803,1740,3.089,INLAND,136768.0
-118.16,33.85,36,1979,339.0,952,339,4.0815,<1H OCEAN,217765.0
-121.43,38.57,46,2443,476.0,939,457,3.5893,INLAND,138702.0
-118.31,34.06,24,1336,453.0,1268,426,2.8202,<1H OCEAN,256181.03
-121.2,39.23,9,2802,447.0,955,418,5.2359,INLAND,186394.0
-117.89,33.74,34,1759,353.0,2083,330,3.2292,<1H OCEAN,166453.0
-121.77,36.71,18,6601,1395.0,3562,1299,3.512,<1H OCEAN,215553.0
-118.02,33.96,36,2002,361.0,913,311,4.5446,<1H OCEAN,221246.01
-121.27,38.65,33,1984,289.0,842,276,5.2949,INLAND,199599.0
-122.28,37.85,49,1130,244.0,607,239,2.4597,NEAR BAY,137605.0
-118.38,34.08,48,1226,288.0,370,264,3.9375,<1H OCEAN,401775.19
-121.98,37.31,28,3840,629.0,1883,662,6.4095,<1H OCEAN,343505.07
-116.72,33.56,13,3166,682.0,1250,475,2.355,INLAND,138712.0
-118.0,33.92,26,2830,399.0,1204,404,6.1273,<1H OCEAN,291493.0
-118.17,33.91,39,1157,273.0,877,305,3.1087,<1H OCEAN,151832.0
-117.08,33.01,5,5659,931.0,2565,902,6.1949,<1H OCEAN,277087.0
-122.13,36.97,27,991,194.0,543,155,4.7188,NEAR OCEAN,269278.06
-117.51,34.0,36,3791,746.0,2258,672,3.2067,INLAND,124790.0
-118.46,34.27,28,1865,463.0,1182,440,2.6193,<1H OCEAN,182269.0
-120.26,38.13,17,301,94.0,122,47,4.0583,INLAND,139592.0
-118.44,34.27,36,1111,275.0,1333,266,3.5347,<1H OCEAN,151928.0
-117.21,32.85,15,2593,521.0,901,456,4.2065,NEAR OCEAN,223578.0
-122.86,38.62,35,2597,522.0,1231,499,2.7432,<1H OCEAN,178150.0
-122.19,37.83,29,1791,271.0,661,269,6.8538,NEAR BAY,365978.14
-121.03,37.63,5,2881,584.0,1490,570,3.0398,INLAND,133492.0
-118.33,33.88,36,1271,346.0,811,345,3.2417,<1H OCEAN,237892.0
-119.68,36.8,7,2855,518.0,1748,498,4.2066,INLAND,101142.0
-117.2,32.76,40,581,157.0,298,156,2.4,NEAR OCEAN,230334.09
-118.46,34.01,43,513,98.0,266,103,5.6428,<1H OCEAN,321972.04
-117.83,34.15,20,2421,306.0,1023,298,8.0683,INLAND,351960.0
-117.33,34.07,32,2086,458.0,1355,412,2.5238,INLAND,91611.0
-120.37,37.98,29,2508,591.0,1112,550,1.6021,INLAND,102688.0
-117.09,32.81,7,6100,1185.0,2710,1040,5.5673,NEAR OCEAN,235437.0
-122.12,37.75,28,794,111.0,329,109,7.6923,NEAR BAY,371379.2
-117.91,33.61,38,1232,178.0,410,171,11.075,<1H OCEAN,498919.93
-120.0,35.91,16,259,53.0,131,38,3.125,INLAND,77988.0
-118.42,34.19,34,2622,572.0,1997,573,3.338,<1H OCEAN,216857.0
-120.71,40.36,19,4462,828.0,2229,777,3.5536,INLAND,110078.0
-120.48,37.32,13,3641,897.0,1737,788,2.1418,INLAND,99244.0
-124.16,40.95,20,1075,214.0,529,196,3.1406,NEAR OCEAN,121586.0
-118.4,34.22,36,2557,540.0,1556,491,3.6591,<1H OCEAN,195115.0
-117.1,32.67,22,1690,541.0,1669,494,2.0213,NEAR OCEAN,99007.0
-118.28,34.08,42,1618,522.0,1454,440,3.1607,<1H OCEAN,215096.0
-118.21,33.79,33,32,18.0,96,36,4.5938,NEAR OCEAN,228699.04
-117.29,34.12,40,2198,612.0,1517,531,1.0951,INLAND,75437.0
-118.21,33.9,41,941,233.0,973,253,1.9583,<1H OCEAN,124914.0
-118.01,34.08,35,1852,358.0,1414,347,4.275,INLAND,224520.0
-122.48,37.59,29,5889,959.0,2784,923,5.3991,NEAR OCEAN,298431.01
-118.32,34.09,34,1478,675.0,1976,653,2.0557,<1H OCEAN,214513.0
-122.41,37.73,33,2789,567.0,1682,552,3.8643,NEAR BAY,247379.0
-116.97,32.65,4,16450,2833.0,7985,2683,5.6631,NEAR OCEAN,245131.0
-122.23,37.82,52,1611,203.0,556,179,8.7477,NEAR BAY,443360.23
-118.6,34.07,16,319,59.0,149,64,4.625,<1H OCEAN,369801.27
-117.82,33.67,15,1010,274.0,649,261,2.5197,<1H OCEAN,168907.0
-122.51,37.76,43,2527,619.0,1332,558,3.0465,NEAR OCEAN,314945.0
-121.95,37.32,33,726,168.0,351,147,3.1458,<1H OCEAN,253477.0
-121.52,38.59,35,6418,1545.0,3814,1496,1.6647,INLAND,95029.0
-118.25,33.99,39,1274,319.0,1362,324,2.1793,<1H OCEAN,111022.0
-118.47,35.72,18,4754,1075.0,1366,690,2.0694,INLAND,82557.0
-122.16,37.68,16,1687,348.0,568,352,2.3869,NEAR BAY,185091.0
-117.87,34.11,34,1324,211.0,799,228,4.5234,<1H OCEAN,183664.0
-119.48,37.0,16,2904,551.0,1467,509,3.1736,INLAND,107483.0
-117.08,32.64,11,1651,533.0,947,515,1.6806,NEAR OCEAN,108220.0
-117.41,33.96,32,2837,617.0,1393,595,2.3798,INLAND,109858.0
-124.16,40.6,39,1322,283.0,642,292,2.4519,NEAR OCEAN,79872.0
-118.29,33.81,19,7023,1538.0,3993,1412,5.0532,<1H OCEAN,287187.01
-121.88,37.24,14,7174,950.0,2782,899,8.3065,<1H OCEAN,418242.01
-122.21,38.09,37,4368,779.0,2083,741,3.8667,NEAR BAY,141679.0
-121.67,39.26,29,3041,683.0,2106,687,1.6315,INLAND,69021.0
-121.7,36.48,19,2150,479.0,1052,428,3.5039,<1H OCEAN,226868.01
-124.09,40.88,50,921,187.0,420,187,2.2188,NEAR OCEAN,82688.0
-122.44,37.52,16,7077,1179.0,3502,1148,5.9919,NEAR OCEAN,379990.09
-117.68,33.49,18,4173,625.0,1649,634,6.3568,<1H OCEAN,297123.0
-118.09,34.06,38,3230,840.0,3485,827,2.629,<1H OCEAN,176041.0
-120.48,37.31,42,2361,512.0,1684,511,2.355,INLAND,82148.0
-122.56,41.53,29,1729,355.0,848,328,2.2024,INLAND,61124.0
-117.66,33.51,18,2626,,1302,522,4.0167,<1H OCEAN,222736.02
-121.15,38.68,6,9798,1551.0,4583,1494,5.0159,INLAND,186593.0
-118.13,33.82,44,1785,307.0,779,291,4.3056,<1H OCEAN,250630.0
-118.28,33.93,45,529,112.0,448,120,3.5833,<1H OCEAN,143289.0
-117.19,32.77,16,3273,670.0,1305,671,4.1368,NEAR OCEAN,232365.0
-121.29,38.01,2,6403,1116.0,3327,957,4.4871,INLAND,163503.0
-117.86,33.75,5,187,49.0,207,51,1.8,<1H OCEAN,313083.34
-122.98,38.44,29,4450,939.0,1328,590,3.1,<1H OCEAN,172981.0
-120.54,38.75,9,3006,540.0,1102,418,3.9812,INLAND,136951.0
-118.08,33.81,21,1189,281.0,577,264,3.3155,<1H OCEAN,230554.01
-122.28,37.8,38,684,176.0,344,155,2.0114,NEAR BAY,128895.0
-118.22,33.81,38,1486,359.0,1345,326,3.3988,NEAR OCEAN,163436.0
-121.32,36.43,22,2927,637.0,2546,618,2.7153,<1H OCEAN,129427.0
-117.98,34.02,32,2945,651.0,2044,652,3.1979,<1H OCEAN,178172.0
-121.45,38.57,52,2006,412.0,825,384,3.2963,INLAND,148894.0
-118.95,35.37,34,1672,359.0,1059,349,2.1588,INLAND,60045.0
-117.55,33.9,21,1839,324.0,871,307,3.4459,INLAND,147016.0
-121.91,36.59,17,5039,833.0,1678,710,6.2323,NEAR OCEAN,387276.12
-118.2,33.8,42,4577,1146.0,2749,1094,2.5012,NEAR OCEAN,178833.0
-122.47,37.89,23,10774,1736.0,3895,1683,7.2905,NEAR BAY,399449.09
-122.19,37.76,38,1493,370.0,1144,351,0.7683,NEAR BAY,90925.0
-118.36,34.04,49,995,184.0,462,194,2.7917,<1H OCEAN,207140.02
-122.29,37.89,52,2269,380.0,1004,371,5.1696,NEAR BAY,299583.01
-117.12,32.96,15,2869,405.0,1526,402,6.0175,<1H OCEAN,258352.0
-121.68,36.9,13,833,130.0,405,127,5.2729,<1H OCEAN,283739.02
-118.36,34.21,41,337,65.0,198,50,1.8929,<1H OCEAN,205815.03
-122.32,37.95,35,1612,354.0,887,331,2.5769,NEAR BAY,118378.0
-117.86,33.77,39,4159,655.0,1669,651,4.6111,<1H OCEAN,226455.0
-117.11,33.14,10,3208,636.0,1395,582,3.4455,<1H OCEAN,170477.0
-117.89,33.99,22,3272,618.0,1784,591,4.0324,<1H OCEAN,194563.0
-118.14,33.91,37,932,171.0,578,175,4.375,<1H OCEAN,190373.0
-117.65,35.0,36,1184,316.0,672,241,1.9107,INLAND,67484.98
-118.14,34.09,38,1745,457.0,1547,460,2.85,<1H OCEAN,195690.0
-118.26,34.13,37,196,74.0,194,68,1.2188,<1H OCEAN,227178.06
-117.85,33.89,24,3326,503.0,1616,494,5.7457,<1H OCEAN,272384.0
-117.93,33.76,17,3341,803.0,3381,825,3.371,<1H OCEAN,185436.0
-122.33,37.58,43,1772,422.0,1573,401,2.7474,NEAR OCEAN,277357.01
-118.35,33.91,28,2108,534.0,1485,536,4.0775,<1H OCEAN,251048.0
-120.87,37.07,26,2036,401.0,1343,414,3.6331,INLAND,200264.0
-117.95,34.07,37,1375,260.0,951,272,3.2083,<1H OCEAN,174749.0
-121.85,37.72,43,228,40.0,83,42,10.3203,INLAND,467796.59
-118.06,33.99,46,1203,219.0,637,211,3.3611,<1H OCEAN,187553.0
-121.46,38.63,26,3185,658.0,2444,626,1.56,INLAND,70742.0
-118.67,34.16,17,16544,2206.0,6214,2118,9.1228,<1H OCEAN,476816.65
-120.04,36.96,23,2126,506.0,2091,491,1.3713,INLAND,55965.0
-121.95,37.96,18,2739,393.0,1072,374,6.1436,INLAND,220409.0
-122.18,37.78,43,1985,440.0,1085,407,3.4205,NEAR BAY,175600.0
-117.31,33.1,15,2392,446.0,747,421,3.5341,NEAR OCEAN,197013.03
-118.02,33.75,26,2989,479.0,1596,475,5.7157,<1H OCEAN,244125.0
-118.71,34.27,26,990,223.0,719,232,3.163,<1H OCEAN,218982.02
-118.29,33.99,46,2608,636.0,1766,596,1.5846,<1H OCEAN,107120.0
-118.45,34.27,35,1579,300.0,1012,265,5.1296,<1H OCEAN,219088.0
-117.66,33.61,21,1932,266.0,860,286,7.1497,<1H OCEAN,294788.0
-117.38,34.08,11,5684,1139.0,3095,1036,3.6875,INLAND,121391.0
-120.81,38.67,14,8396,1578.0,3952,1474,3.0565,INLAND,127247.0
-122.22,37.78,50,1776,473.0,1807,440,1.7276,NEAR BAY,120914.0
-118.29,33.72,25,2469,584.0,1253,535,3.1932,NEAR OCEAN,254236.0
-119.1,35.33,4,6640,898.0,3121,902,6.759,INLAND,245543.0
-117.08,32.91,9,1547,218.0,683,231,7.5604,<1H OCEAN,344611.09
-117.89,33.74,33,619,139.0,1217,146,4.6875,<1H OCEAN,177676.0
-119.31,34.44,5,403,48.0,208,54,12.632,NEAR OCEAN,482535.69
-122.0,37.31,28,3811,585.0,1795,581,7.8383,<1H OCEAN,439142.35
-120.46,34.64,16,686,217.0,614,200,0.8106,NEAR OCEAN,203047.1
-121.12,39.2,9,1431,254.0,681,221,3.045,INLAND,137871.0
-118.2,33.79,48,2105,592.0,1807,539,2.7183,NEAR OCEAN,171025.0
-118.77,34.27,7,3074,794.0,1816,654,2.7137,<1H OCEAN,229793.1
-122.25,37.83,35,1613,428.0,675,422,3.4722,NEAR BAY,238274.02
-122.46,37.78,47,1682,379.0,837,375,5.2806,NEAR BAY,375619.19
-122.04,36.95,27,1987,374.0,961,343,3.9667,NEAR OCEAN,245430.0
-117.99,34.15,44,2492,611.0,1951,596,3.1304,INLAND,178535.0
-118.46,35.13,19,3109,640.0,1457,620,2.6417,INLAND,83221.0
-118.36,34.1,36,2963,838.0,1129,745,2.5588,<1H OCEAN,299916.03
-118.42,34.15,27,2795,602.0,1073,535,5.1496,<1H OCEAN,450016.42
-117.81,34.08,13,18448,2474.0,7775,2397,7.7876,INLAND,316935.0
-117.66,33.64,17,3173,501.0,1555,520,6.7079,<1H OCEAN,282312.0
-118.11,33.83,36,1820,313.0,899,295,4.918,<1H OCEAN,228016.0
-121.88,37.43,31,2573,474.0,1898,475,5.6651,<1H OCEAN,258892.0
-118.1,34.1,34,2578,645.0,1628,617,2.34,<1H OCEAN,190622.0
-119.23,35.77,36,3225,635.0,2034,593,2.4044,INLAND,65942.0
-122.15,37.43,47,2600,490.0,1149,465,5.0203,NEAR BAY,362935.19
-122.42,37.62,36,1017,165.0,407,159,4.8,NEAR OCEAN,312788.0
-118.45,34.01,36,2424,418.0,1123,417,6.4755,<1H OCEAN,424716.18
-118.27,34.08,43,962,253.0,658,244,3.2386,<1H OCEAN,216031.01
-118.38,34.27,8,3248,847.0,2608,731,2.8214,<1H OCEAN,190191.06
-122.02,37.6,31,2155,522.0,1858,437,2.652,NEAR BAY,168715.0
-117.8,34.1,13,2996,495.0,1187,464,6.2456,INLAND,238780.01
-118.38,34.04,39,2614,569.0,1665,553,3.4063,<1H OCEAN,311015.05
-117.83,33.93,14,1956,282.0,671,269,6.5841,<1H OCEAN,289881.0
-117.86,33.62,23,3166,411.0,1092,345,7.9367,<1H OCEAN,350399.09
-117.19,34.05,33,3007,498.0,1252,488,3.8816,INLAND,117621.0
-117.84,33.74,25,1818,577.0,1426,532,3.2104,<1H OCEAN,164779.0
-117.24,32.79,25,2135,691.0,566,320,2.6902,NEAR OCEAN,245891.0
-121.8,37.23,18,2581,358.0,1284,377,6.7385,<1H OCEAN,312933.02
-117.04,34.04,30,3474,735.0,1674,691,2.5863,INLAND,99285.0
-119.8,36.29,7,479,84.0,327,103,5.1728,INLAND,174725.0
-117.9,34.11,23,4776,1316.0,4797,1187,2.1667,<1H OCEAN,168113.0
-117.95,33.77,38,1476,308.0,1114,309,4.1917,<1H OCEAN,192276.0
-122.09,37.67,39,2069,500.0,1408,478,3.1115,NEAR BAY,185711.0
-118.42,34.03,45,1262,223.0,637,221,5.0866,<1H OCEAN,376463.07
-118.05,33.85,25,2856,388.0,1212,362,6.1737,<1H OCEAN,318979.0
-121.79,37.32,6,2850,561.0,2160,581,5.5336,<1H OCEAN,251123.0
-118.16,33.97,39,1444,447.0,1890,416,2.1181,<1H OCEAN,159691.0
-115.59,32.79,8,2183,307.0,1000,287,6.3814,INLAND,201464.0
-117.93,33.93,37,1128,273.0,931,234,2.8,<1H OCEAN,163730.0
-117.3,34.46,8,6246,1273.0,3883,1264,2.7917,INLAND,105146.0
-117.9,33.73,30,746,172.0,1048,163,4.1,<1H OCEAN,165336.0
-122.55,38.0,18,3119,803.0,1395,722,3.9265,NEAR BAY,239447.01
-118.18,33.78,17,1419,436.0,1300,360,2.0769,NEAR OCEAN,149841.0
-119.29,36.12,24,1248,226.0,641,200,2.4722,INLAND,68269.0
-118.45,35.62,18,2304,527.0,782,390,1.4141,INLAND,72870.0
-121.79,37.31,22,2199,361.0,1270,386,5.1149,<1H OCEAN,237338.0
-119.83,36.37,25,1549,269.0,819,272,2.7159,INLAND,80967.0
-122.42,37.74,52,1674,346.0,734,335,3.8864,NEAR BAY,264908.0
-123.18,39.23,18,243,55.0,115,54,2.125,<1H OCEAN,149708.0
-121.29,38.68,20,1881,378.0,921,360,1.8589,INLAND,91225.0
-117.25,32.81,39,1846,350.0,765,329,3.9187,NEAR OCEAN,354261.07
-118.05,33.73,25,2472,450.0,1301,467,5.0699,<1H OCEAN,245157.02
-122.27,37.56,17,3211,847.0,1553,812,4.9434,NEAR BAY,329525.15
-118.33,34.05,44,1574,390.0,1323,404,2.5284,<1H OCEAN,222008.0
-121.39,38.64,33,1503,282.0,652,229,3.6937,INLAND,138630.0
-118.25,34.07,16,719,225.0,801,218,2.3942,<1H OCEAN,204135.0
-122.12,37.42,35,2445,533.0,1187,519,5.2803,NEAR BAY,353954.11
-117.17,34.05,29,4007,700.0,1576,696,3.1801,INLAND,112137.0
-117.33,33.87,14,2300,335.0,1001,311,5.1045,INLAND,174549.0
-117.32,34.06,52,802,160.0,564,131,2.1591,INLAND,92789.0
-121.34,38.03,20,4213,751.0,2071,714,4.4063,INLAND,144553.0
-122.47,37.51,15,4974,764.0,2222,774,6.7606,NEAR OCEAN,409064.14
-121.94,37.54,27,3715,526.0,1631,538,6.2179,<1H OCEAN,307285.03
-118.18,33.89,25,5896,1464.0,4149,1362,2.6742,<1H OCEAN,157607.0
-117.05,32.77,33,3535,683.0,1568,672,2.8097,NEAR OCEAN,162547.0
-118.01,34.05,37,682,172.0,813,173,3.8125,<1H OCEAN,166243.0
-123.16,39.13,33,1320,303.0,1048,303,1.7813,<1H OCEAN,107404.0
-121.27,38.02,32,342,58.0,138,52,2.9821,INLAND,125514.0
-119.86,34.41,24,1576,580.0,1630,531,1.24,NEAR OCEAN,211849.0
-118.18,33.87,44,2137,461.0,1126,439,3.4408,<1H OCEAN,171387.0
-122.24,37.82,52,3665,517.0,1470,520,6.155,NEAR BAY,383502.19
-117.9,33.65,27,3310,598.0,1402,563,6.632,<1H OCEAN,380967.22
-122.26,37.88,52,2604,837.0,1798,769,1.725,NEAR BAY,221063.0
-122.44,37.78,52,2695,657.0,1243,573,2.8569,NEAR BAY,344266.01
-121.81,37.25,5,1975,520.0,861,440,4.4565,<1H OCEAN,253526.02
-118.14,33.86,36,1774,348.0,934,333,4.8571,<1H OCEAN,215217.0
-118.2,34.07,34,1765,551.0,2203,500,2.2708,<1H OCEAN,150295.0
-119.83,36.83,14,2351,341.0,1128,363,6.9903,INLAND,226949.0
-115.91,33.36,15,459,95.0,160,73,0.922,INLAND,55987.0
-116.86,32.8,19,1747,291.0,848,290,4.875,<1H OCEAN,182812.0
-117.97,33.93,31,1975,373.0,918,347,4.4107,<1H OCEAN,223877.0
-118.39,34.19,23,1875,710.0,2555,657,2.0968,<1H OCEAN,180920.0
-122.32,37.54,34,3661,692.0,1608,656,5.0774,NEAR OCEAN,328264.07
-122.25,37.83,28,5022,1750.0,2558,1661,2.4234,NEAR BAY,228066.01
-117.98,34.02,33,3512,632.0,1971,598,4.4653,<1H OCEAN,194910.0
-117.94,33.79,24,4179,784.0,1902,733,4.7986,<1H OCEAN,209076.0
-117.99,33.8,25,3179,639.0,2526,623,3.3281,<1H OCEAN,187056.0
-117.92,34.1,35,2994,603.0,1933,561,4.0052,<1H OCEAN,169931.0
-118.0,33.85,33,2053,418.0,1154,405,4.0455,<1H OCEAN,206114.0
-117.93,33.69,26,2822,473.0,1258,469,6.4441,<1H OCEAN,308572.03
-118.2,34.05,40,1146,323.0,1354,321,1.9205,<1H OCEAN,136309.0
-122.27,37.81,40,880,451.0,582,380,0.977,NEAR BAY,147933.0
-121.3,38.03,11,2866,654.0,1404,525,2.505,INLAND,115587.0
-117.87,33.74,31,2338,652.0,3289,631,2.6734,<1H OCEAN,154142.0
-117.24,33.05,15,3029,555.0,1559,546,5.3129,NEAR OCEAN,271311.01
-117.9,33.85,31,3413,764.0,2326,728,4.325,<1H OCEAN,201269.0
-121.27,37.87,34,1010,206.0,678,234,2.9531,INLAND,104254.0
-118.31,33.96,47,2005,392.0,1134,415,3.7143,<1H OCEAN,149232.0
-118.28,34.1,49,2843,880.0,2004,796,2.7875,<1H OCEAN,212566.0
-122.32,37.97,33,1156,190.0,643,209,4.5,NEAR BAY,201186.0
-121.31,38.66,26,1604,245.0,751,267,4.7381,INLAND,146271.0
-121.43,37.75,41,1717,325.0,855,303,2.75,INLAND,115158.0
-118.29,34.11,24,3696,1125.0,1685,1031,2.3789,<1H OCEAN,236761.0
-122.02,38.38,16,808,137.0,371,145,6.0767,INLAND,224321.0
-122.01,37.92,18,2808,337.0,1038,337,8.3956,NEAR BAY,390317.09
-117.3,34.13,42,2115,557.0,1532,494,1.4531,INLAND,72931.0
-118.37,34.21,33,2034,470.0,1990,423,3.7455,<1H OCEAN,176435.0
-121.83,36.98,19,4431,705.0,1764,679,4.3321,<1H OCEAN,241491.0
-121.96,39.3,39,701,130.0,271,89,2.1845,INLAND,74570.0
-118.3,34.03,37,2781,766.0,2586,729,1.8564,<1H OCEAN,159024.0
-118.3,34.05,44,1612,650.0,2028,593,1.9152,<1H OCEAN,197698.0
-118.01,34.09,29,3402,747.0,2331,690,3.6094,INLAND,200454.0
-117.06,33.01,24,2618,485.0,726,443,3.5192,<1H OCEAN,173453.0
-122.53,37.88,36,2688,485.0,1064,449,4.4583,NEAR BAY,400499.07
-121.24,38.68,20,1402,236.0,676,236,3.7426,INLAND,145215.0
-117.95,34.0,34,2376,468.0,1858,449,4.1328,<1H OCEAN,174574.0
-118.23,34.07,40,506,119.0,397,114,3.1944,<1H OCEAN,139123.0
-117.89,33.87,32,1569,422.0,835,386,3.0465,<1H OCEAN,194300.0
-122.09,37.69,20,4296,817.0,1732,800,4.8036,NEAR BAY,238133.01
-121.63,36.65,44,309,121.0,315,80,1.6071,<1H OCEAN,184405.0
-122.05,37.68,23,7518,1279.0,3827,1294,5.1701,NEAR BAY,258413.0
-117.04,32.71,28,5274,991.0,3727,961,3.57,NEAR OCEAN,139870.0
-117.04,32.7,7,9311,1703.0,7302,1694,4.419,NEAR OCEAN,193852.0
-118.26,34.07,52,1802,613.0,2382,587,1.8438,<1H OCEAN,190347.0
-118.13,34.17,49,1962,435.0,1329,457,3.2898,<1H OCEAN,191961.0
-116.97,32.79,19,4108,1101.0,2971,1006,1.9893,<1H OCEAN,130696.0
-119.55,36.51,46,55,11.0,26,5,4.125,INLAND,121627.02
-120.92,37.65,23,505,124.0,163,129,1.3696,INLAND,107424.0
-120.8,38.51,23,1001,195.0,369,157,3.125,INLAND,125293.0
-121.83,38.0,15,6365,1646.0,3838,1458,2.5495,INLAND,124123.0
-122.42,37.93,47,3453,779.0,1353,728,4.016,NEAR BAY,353494.31
-122.27,37.47,44,3022,473.0,1235,477,6.7058,NEAR OCEAN,443626.46
-122.36,37.94,45,907,188.0,479,161,3.0862,NEAR BAY,145270.0
-118.32,33.33,52,2127,512.0,733,288,3.3906,ISLAND,321510.07
-117.06,32.73,33,3444,619.0,1884,582,3.7891,NEAR OCEAN,129684.0
-118.97,37.64,13,1907,544.0,575,234,3.0685,INLAND,118546.0
-117.27,34.12,52,954,246.0,943,256,0.8658,INLAND,73826.0
-120.55,37.32,21,1410,229.0,590,205,3.3194,INLAND,108703.0
-117.99,33.9,33,2161,383.0,1235,383,5.6454,<1H OCEAN,234770.0
-118.0,33.91,19,5166,770.0,2374,753,5.979,<1H OCEAN,288193.0
-118.37,33.81,36,2031,339.0,817,337,5.1271,NEAR OCEAN,379857.11
-117.97,33.66,14,6090,1338.0,1974,1248,2.8061,<1H OCEAN,205366.0
-117.17,33.28,16,1921,312.0,862,280,5.1786,<1H OCEAN,225731.02
-119.88,36.81,30,2288,474.0,1435,425,1.3221,INLAND,58299.0
-117.74,34.05,29,2452,700.0,3029,665,2.1354,INLAND,115378.0
-117.13,32.79,35,1458,262.0,723,257,4.2098,NEAR OCEAN,169473.0
-122.06,37.65,33,1227,286.0,848,291,3.8036,NEAR BAY,171647.0
-118.3,33.99,47,2212,533.0,1903,554,1.9853,<1H OCEAN,105815.0
-118.06,35.68,15,1962,403.0,730,321,2.25,INLAND,87085.0
-118.38,33.89,35,1778,330.0,732,312,6.5745,<1H OCEAN,419436.13
-122.45,37.73,52,2510,438.0,1153,407,5.1238,NEAR BAY,322226.03
-121.97,37.24,35,2553,533.0,1117,498,4.4063,<1H OCEAN,279090.02
-118.14,33.95,44,1812,338.0,822,314,6.7744,<1H OCEAN,400142.2
-121.97,37.53,35,2277,420.0,1353,413,4.75,<1H OCEAN,222749.0
-118.15,34.86,10,4597,1009.0,2227,821,2.6149,INLAND,111292.0
-117.2,32.86,4,4308,1095.0,1923,932,3.9356,NEAR OCEAN,228459.0
-118.3,34.01,52,1444,343.0,1154,334,2.0625,<1H OCEAN,117283.0
-117.98,33.79,35,2356,478.0,1659,480,4.1115,<1H OCEAN,191558.0
-122.42,37.62,43,2367,409.0,1141,400,4.8295,NEAR OCEAN,295232.0
-118.2,33.94,42,618,163.0,680,179,3.3472,<1H OCEAN,135064.0
-117.01,32.81,21,4203,618.0,1620,600,5.3441,<1H OCEAN,219086.0
-116.98,32.74,17,3943,843.0,1995,766,2.6944,<1H OCEAN,145237.0
-122.01,37.53,19,4572,712.0,2346,709,6.0667,NEAR BAY,317447.04
-117.92,34.03,32,1819,375.0,1728,375,3.975,<1H OCEAN,166624.01
-123.17,39.15,30,1904,331.0,816,325,4.425,<1H OCEAN,181600.0
-123.76,41.03,24,2386,565.0,1058,414,2.0644,<1H OCEAN,74886.0
-122.44,37.73,46,3581,758.0,1670,703,4.1932,NEAR BAY,267805.0
-120.43,34.93,10,2980,585.0,1593,562,3.285,<1H OCEAN,164765.0
-122.42,37.64,41,98,20.0,68,19,2.225,NEAR OCEAN,291741.04
-117.98,34.14,27,6341,1289.0,2899,1192,3.6336,INLAND,171055.0
-122.3,37.91,40,2866,617.0,1305,589,3.6321,NEAR BAY,218810.0
-118.32,33.8,29,4317,1037.0,2102,959,3.1275,<1H OCEAN,273132.0
-118.41,34.04,49,601,95.0,228,106,8.0239,<1H OCEAN,470647.81
-121.94,37.34,36,3142,632.0,1372,560,5.0175,<1H OCEAN,292235.02
-117.21,32.84,34,2158,366.0,1046,335,4.5402,NEAR OCEAN,228426.01
-118.12,34.16,30,1762,416.0,940,398,2.8631,<1H OCEAN,194712.0
-119.87,36.54,34,1370,287.0,818,269,2.4044,INLAND,70802.0
-117.92,33.94,30,2506,394.0,1255,421,4.7813,<1H OCEAN,208774.0
-118.09,33.75,32,6239,974.0,2615,950,6.6188,NEAR OCEAN,437225.29
-118.28,34.0,46,1650,463.0,1992,458,2.3403,<1H OCEAN,126870.0
-119.29,36.54,18,2581,628.0,2732,592,1.8429,INLAND,59131.0
-121.92,36.55,37,2190,419.0,490,300,3.7852,NEAR OCEAN,367638.09
-118.44,34.16,35,3080,642.0,1362,623,4.1218,<1H OCEAN,344020.01
-122.26,37.84,52,696,191.0,345,174,2.6736,NEAR BAY,146494.01
-119.76,36.79,26,3654,837.0,1976,830,2.1544,INLAND,74452.0
-119.73,36.73,9,1621,428.0,678,394,2.2437,INLAND,83925.0
-118.99,35.3,33,2248,434.0,1461,405,2.9402,INLAND,74019.0
-118.2,34.02,49,1098,317.0,1411,301,2.75,<1H OCEAN,139243.0
-118.47,34.05,25,2689,719.0,1229,663,3.5909,<1H OCEAN,402606.13
-118.18,33.88,47,882,185.0,536,174,4.625,<1H OCEAN,175510.0
-117.93,33.83,30,1561,381.0,1104,391,3.375,<1H OCEAN,189130.0
-122.47,37.78,52,2635,587.0,1302,577,3.7292,NEAR BAY,400134.07
-121.73,38.0,3,9217,1522.0,3578,1272,5.0016,INLAND,169905.0
-121.97,37.25,32,2892,496.0,1193,492,6.131,<1H OCEAN,338250.03
-122.71,38.44,27,966,251.0,462,230,1.7,<1H OCEAN,177190.0
-117.72,33.62,19,5777,1261.0,1711,1225,2.7634,<1H OCEAN,148728.0
-122.46,37.72,52,2951,406.0,1115,397,6.7228,NEAR OCEAN,418934.24
-121.23,37.84,28,1347,241.0,713,225,4.0208,INLAND,130278.0
-117.53,33.88,22,2855,667.0,2453,624,3.1312,INLAND,132839.0
-117.25,32.82,23,6139,826.0,2036,807,9.5245,NEAR OCEAN,480940.76
-118.15,34.04,33,818,195.0,664,198,2.1944,<1H OCEAN,166753.0
-119.79,36.79,19,1524,448.0,960,386,1.5122,INLAND,61538.0
-122.05,37.63,5,3785,936.0,2240,792,3.2829,NEAR BAY,212609.0
-121.32,38.62,29,2430,448.0,1087,394,3.0864,INLAND,133418.0
-121.82,38.01,47,1265,254.0,587,247,2.6364,INLAND,108465.0
-122.26,38.03,25,2239,361.0,928,353,4.4474,NEAR BAY,186053.0
-118.0,33.75,26,1382,387.0,1977,368,2.7589,<1H OCEAN,183207.0
-118.07,33.85,16,3771,606.0,2196,564,7.0113,<1H OCEAN,350645.05
-121.92,37.73,24,1407,327.0,501,295,2.4821,<1H OCEAN,149197.0
-122.56,37.95,34,2677,411.0,933,410,6.1444,NEAR OCEAN,420978.24
-117.29,34.13,44,2337,563.0,1238,467,1.5156,INLAND,73450.0
-118.08,33.99,38,1683,328.0,1369,339,3.6196,<1H OCEAN,165241.0
-121.68,39.82,15,3996,748.0,1786,728,3.5189,INLAND,111509.0
-121.89,37.26,25,3319,531.0,1560,502,5.8479,<1H OCEAN,273406.0
-117.05,34.04,23,3967,766.0,1518,698,2.29,INLAND,106125.0
-117.84,33.9,24,1723,223.0,707,219,7.0352,<1H OCEAN,293553.03
-117.93,33.94,28,3664,719.0,1820,657,4.225,<1H OCEAN,201926.0
-117.94,33.78,34,2627,468.0,1409,450,4.7731,<1H OCEAN,205418.0
-117.29,35.54,35,7922,1636.0,3431,1329,3.4145,INLAND,78054.0
-116.88,33.93,37,1495,429.0,865,342,1.2188,INLAND,80295.0
-117.88,33.84,34,1410,214.0,837,240,6.1168,<1H OCEAN,246993.0
-117.49,33.99,21,2050,392.0,1153,336,4.84,INLAND,143729.0
-117.98,34.03,21,797,162.0,484,166,2.625,<1H OCEAN,173783.02
-119.23,34.19,16,5297,810.0,1489,667,6.4522,NEAR OCEAN,400315.2
-117.86,33.75,13,1632,598.0,3356,659,1.5054,<1H OCEAN,168234.02
-118.43,34.01,27,3133,1021.0,2242,1002,2.697,<1H OCEAN,303453.01
-122.31,38.01,18,4123,874.0,1895,772,3.2759,NEAR BAY,150309.0
-122.43,37.79,52,3486,847.0,1248,813,7.2623,NEAR BAY,411644.38
-118.19,33.95,42,1651,463.0,1559,436,2.3882,<1H OCEAN,153930.0
-117.11,32.91,15,1840,235.0,855,241,7.5992,<1H OCEAN,325225.05
-118.47,34.04,32,2909,748.0,1310,706,4.516,<1H OCEAN,414307.25
-122.42,37.75,52,2163,607.0,1447,546,3.3555,NEAR BAY,300060.0
-117.34,34.08,35,1380,248.0,730,264,3.2305,INLAND,97484.0
-122.06,37.99,17,1319,316.0,384,269,1.8229,NEAR BAY,151314.0
-122.06,37.54,20,6483,1068.0,3526,1060,5.0838,NEAR BAY,251617.01
-117.14,32.74,16,6075,1816.0,2592,1634,2.5553,NEAR OCEAN,152179.0
-122.07,38.0,37,978,202.0,462,184,3.625,NEAR BAY,159061.0
-122.35,40.57,18,2226,490.0,859,451,1.6821,INLAND,80004.0
-121.37,38.69,35,1093,192.0,590,190,2.7009,INLAND,98624.0
-120.19,36.6,25,875,214.0,931,214,1.5536,INLAND,54983.0
-121.28,38.03,11,826,150.0,684,166,3.9265,INLAND,139845.0
-117.51,33.95,12,9016,1486.0,4285,1457,4.9984,INLAND,172398.0
-118.36,33.88,31,2518,543.0,1107,508,4.7404,<1H OCEAN,282972.0
-122.3,37.97,35,1811,377.0,911,340,3.375,NEAR BAY,143418.0
-120.87,37.76,16,1174,249.0,601,242,1.7143,INLAND,111468.0
-115.73,33.09,27,452,103.0,258,61,2.9,INLAND,84350.0
-121.22,37.79,38,2152,451.0,1320,457,2.5025,INLAND,93048.0
-121.98,37.95,14,6290,854.0,2724,820,6.7371,INLAND,285049.0
-121.79,37.67,26,2163,339.0,947,346,6.0797,INLAND,241477.0
-117.9,33.9,18,3821,576.0,1430,568,6.9399,<1H OCEAN,314315.02
-122.04,37.85,27,6039,780.0,2181,761,9.5862,NEAR BAY,469113.66
-119.73,34.42,25,2024,312.0,907,335,5.4127,NEAR OCEAN,328015.01
-116.44,33.77,18,4872,1110.0,955,656,2.2439,INLAND,141614.0
-117.31,34.17,25,2795,596.0,1650,569,3.0078,INLAND,101663.0
-117.14,32.8,35,1267,212.0,710,204,2.5368,NEAR OCEAN,143488.0
-122.13,37.7,43,3046,557.0,1333,544,3.4583,NEAR BAY,194254.0
-122.48,38.31,29,2375,560.0,1124,502,2.3276,<1H OCEAN,177287.0
-118.37,33.88,44,1325,245.0,669,253,4.4211,<1H OCEAN,311150.0
-121.45,38.64,23,1481,343.0,1079,315,1.867,INLAND,67896.0
-122.57,38.02,33,9531,1487.0,3798,1409,5.6512,NEAR BAY,349858.01
-118.02,33.79,23,6368,1030.0,3281,1001,6.1142,<1H OCEAN,309220.01
-124.07,40.87,47,1765,326.0,796,333,2.2138,NEAR OCEAN,82120.0
-116.91,34.24,23,6379,1636.0,1350,568,1.6336,INLAND,88354.0
-117.65,33.62,15,2708,410.0,1140,389,6.2899,<1H OCEAN,314104.0
-116.94,32.81,8,2517,632.0,1686,613,2.136,<1H OCEAN,126134.0
-119.78,36.76,50,1343,322.0,1063,342,1.75,INLAND,54734.0
-122.05,38.0,16,1085,217.0,356,232,2.3462,NEAR BAY,145327.0
-122.24,37.49,30,2956,590.0,1191,594,3.7463,NEAR OCEAN,295209.0
-121.46,38.54,39,1453,324.0,843,281,1.7692,INLAND,69728.0
-117.93,33.95,31,3600,468.0,1382,435,7.4597,<1H OCEAN,375388.07
-117.96,33.69,20,3123,441.0,1319,432,6.091,<1H OCEAN,295682.0
-122.04,37.96,27,2587,729.0,1500,623,1.837,NEAR BAY,151218.0
-121.3,37.97,52,2259,417.0,766,385,2.2981,INLAND,102246.0
-121.74,37.35,34,440,90.0,217,93,5.2327,<1H OCEAN,302957.06
-121.58,39.14,52,662,160.0,520,149,0.8928,INLAND,83832.0
-119.75,36.71,38,1481,,1543,372,1.4577,INLAND,48480.0
-118.36,33.98,29,2861,816.0,1715,775,2.7712,<1H OCEAN,165311.0
-122.18,37.73,42,909,215.0,646,198,2.9063,NEAR BAY,151537.0
-122.64,38.87,16,1177,240.0,519,199,1.5739,INLAND,83498.0
-120.72,38.42,17,5654,1085.0,2237,953,3.0465,INLAND,123688.0
-118.2,33.77,24,2404,819.0,1566,753,1.5076,NEAR OCEAN,163542.0
-118.43,34.2,28,3386,,2240,737,3.0221,<1H OCEAN,204450.0
-122.74,38.44,23,2819,612.0,1644,546,2.6576,<1H OCEAN,151547.0
-118.12,33.91,35,620,122.0,381,124,3.7917,<1H OCEAN,189480.0
-118.03,33.95,37,1772,321.0,934,326,4.1471,<1H OCEAN,197420.01
-122.76,38.46,14,4794,767.0,2252,768,4.2061,<1H OCEAN,211712.0
-121.83,37.28,33,1115,250.0,1168,261,3.9009,<1H OCEAN,176558.0
-118.48,34.25,35,1865,335.0,1074,337,5.1068,<1H OCEAN,222847.0
-121.35,38.28,17,2756,557.0,1986,530,3.2234,INLAND,112340.0
-118.18,33.82,43,2210,469.0,1042,418,3.5,NEAR OCEAN,238567.0
-122.02,37.01,20,1005,138.0,345,129,10.0968,NEAR OCEAN,494965.92
-117.67,33.49,10,366,61.0,128,61,8.163,<1H OCEAN,388737.11
-117.59,34.13,10,20263,3915.0,9716,3744,3.8505,INLAND,148219.0
-117.89,34.09,35,1205,330.0,583,319,2.3971,<1H OCEAN,181642.0
-122.68,38.43,29,488,63.0,161,62,6.0774,<1H OCEAN,358578.05
-118.32,33.87,28,3763,762.0,1967,724,5.3244,<1H OCEAN,286319.0
-118.58,34.06,25,4440,693.0,1560,636,8.8666,<1H OCEAN,474700.69
-118.03,33.96,37,1180,256.0,614,242,3.117,<1H OCEAN,190108.0
-117.81,33.82,20,2819,319.0,1019,319,12.2092,<1H OCEAN,493562.83
-122.15,37.41,29,473,103.0,359,87,7.0309,NEAR BAY,432666.47
-116.87,33.57,12,1153,265.0,446,195,3.038,INLAND,169167.0
-121.72,37.7,17,1671,352.0,729,252,6.1023,INLAND,225895.0
-122.26,38.0,6,678,104.0,318,91,5.2375,NEAR BAY,245148.02
-118.25,34.14,13,3487,1131.0,3749,1072,2.1602,<1H OCEAN,203719.0
-118.4,33.86,41,2237,597.0,938,523,4.7105,<1H OCEAN,412003.2
-117.18,33.15,7,6225,1683.0,5410,1580,2.32,<1H OCEAN,135184.0
-117.33,34.12,33,933,219.0,838,211,1.3417,INLAND,64249.0
-117.98,33.68,14,3396,477.0,1542,472,7.3982,<1H OCEAN,357167.0
-122.46,37.78,52,2051,552.0,1400,510,3.2396,NEAR BAY,419554.09
-122.33,37.97,45,1982,376.0,1179,398,3.5463,NEAR BAY,137695.0
-122.31,37.56,45,1792,301.0,829,318,4.9013,NEAR OCEAN,327757.03
-118.13,33.86,45,1866,343.0,919,344,3.5833,<1H OCEAN,229150.0
-118.42,34.18,30,1323,353.0,856,333,3.3594,<1H OCEAN,231585.02
-121.52,38.9,32,1650,313.0,802,284,2.9048,INLAND,100440.0
-121.99,37.26,29,2718,365.0,982,339,7.9234,<1H OCEAN,465505.31
-120.98,37.64,39,2617,659.0,2052,642,1.6952,INLAND,74007.0
-117.87,33.92,14,4039,669.0,1905,670,6.3303,<1H OCEAN,294916.05
-117.79,33.77,23,3596,451.0,1292,458,8.5403,<1H OCEAN,370764.03
-117.96,33.73,22,3479,455.0,1454,488,6.6324,<1H OCEAN,302917.0
-121.63,37.12,17,1830,398.0,1110,388,2.4821,<1H OCEAN,144209.0
-117.89,33.77,29,2577,445.0,1849,470,4.4732,<1H OCEAN,193561.0
-118.24,34.15,7,2063,670.0,1892,643,1.7301,<1H OCEAN,191050.0
-122.06,37.96,37,1784,313.0,788,304,4.2917,NEAR BAY,183526.0
-119.85,36.76,10,2067,450.0,845,354,1.8214,INLAND,68315.0
-118.09,34.01,36,1465,363.0,1538,342,3.5469,<1H OCEAN,159842.0
-123.73,39.17,20,4620,1042.0,1745,794,2.375,NEAR OCEAN,119767.0
-121.4,36.84,40,2352,536.0,1430,535,3.0912,INLAND,155941.0
-118.21,33.8,41,1251,279.0,1053,278,3.2778,NEAR OCEAN,176347.0
-119.62,36.56,30,1722,372.0,1467,403,1.8878,INLAND,56354.0
-118.81,34.25,4,9147,1827.0,3950,1661,5.716,<1H OCEAN,287540.05
-117.1,33.0,5,15502,2613.0,7417,2358,5.9094,<1H OCEAN,274948.01
-118.38,33.86,15,1778,311.0,908,330,7.674,<1H OCEAN,427898.49
-118.31,34.04,29,2038,578.0,2070,570,2.0658,<1H OCEAN,165429.0
-121.5,38.52,37,2008,466.0,1261,427,2.2574,INLAND,91229.0
-118.0,34.13,35,1005,224.0,742,221,3.5481,INLAND,167326.0
-118.35,33.91,19,1949,559.0,1282,498,2.7813,<1H OCEAN,228252.0
-118.98,35.37,36,1562,398.0,1223,329,0.9675,INLAND,50379.0
-117.9,33.88,28,2696,346.0,947,356,9.0055,<1H OCEAN,461376.57
-121.65,39.16,16,5022,1103.0,2087,956,2.3963,INLAND,97089.0
-119.81,36.6,24,2246,462.0,1291,394,2.4006,INLAND,68560.0
-118.02,34.15,44,2419,437.0,1045,432,3.875,INLAND,285238.0
-118.09,34.7,6,4558,804.0,1543,563,2.8548,INLAND,117083.0
-118.42,34.27,37,1024,246.0,1371,239,3.225,<1H OCEAN,150104.0
-118.32,34.07,52,2156,306.0,861,311,8.8062,<1H OCEAN,462472.43
-122.46,37.73,52,3547,506.0,1276,491,8.0069,NEAR BAY,491535.9
-116.53,33.78,18,2547,463.0,411,214,2.5489,INLAND,166486.0
-120.99,39.22,16,1497,275.0,737,243,2.8942,INLAND,131682.0
-116.47,34.07,22,5473,1234.0,2581,1098,1.9375,INLAND,89327.0
-122.28,37.82,52,1170,235.0,701,233,1.6098,NEAR BAY,93130.0
-118.47,35.64,17,2248,535.0,927,427,1.3023,INLAND,75546.0
-118.26,33.97,46,1086,249.0,880,250,1.5962,<1H OCEAN,99231.0
-117.2,32.78,38,2662,498.0,1132,496,4.0057,NEAR OCEAN,308361.06
-118.55,34.28,16,8879,,3468,1200,8.1125,<1H OCEAN,403125.04
-117.86,33.84,19,1725,392.0,920,400,3.0087,<1H OCEAN,204345.0
-117.78,33.78,6,9792,1283.0,3744,1179,10.1714,<1H OCEAN,465676.17
-121.86,37.41,16,2938,589.0,1718,568,5.5073,<1H OCEAN,254568.0
-117.58,34.11,14,11635,2055.0,6443,2009,4.7547,INLAND,166565.0
-118.02,34.12,38,1778,288.0,870,281,6.5784,INLAND,408340.22
-117.08,32.93,5,14944,2490.0,6600,2407,6.0857,<1H OCEAN,270393.01
-117.62,34.02,16,2040,325.0,1207,324,5.0431,INLAND,155044.0
-117.25,32.86,27,2530,469.0,594,326,7.2821,NEAR OCEAN,442168.33
-121.32,37.96,47,1700,344.0,922,357,3.1845,INLAND,115459.0
-118.45,33.96,36,2723,547.0,1090,519,6.3267,<1H OCEAN,442103.38
-119.79,36.77,30,1610,410.0,1000,397,2.0357,INLAND,64248.0
-118.2,33.92,42,1411,314.0,1432,322,3.0871,<1H OCEAN,144274.0
-118.33,34.16,23,1359,428.0,770,380,3.4016,<1H OCEAN,271642.01
-118.24,33.89,34,1479,332.0,1166,322,2.6165,<1H OCEAN,105286.0
-115.38,32.81,35,1263,262.0,950,241,1.8958,INLAND,67580.0
-117.82,33.85,18,1810,305.0,1189,326,5.2227,<1H OCEAN,237912.0
-121.97,37.3,25,5463,1351.0,2758,1310,3.0079,<1H OCEAN,211216.0
-121.24,38.75,5,9137,1368.0,3667,1294,5.4896,INLAND,218685.0
-118.91,36.79,19,1616,324.0,187,80,3.7857,INLAND,98985.0
-121.27,37.95,43,557,165.0,573,144,1.7212,INLAND,68352.0
-122.49,37.75,52,2226,385.0,1177,416,4.8516,NEAR OCEAN,324791.01
-123.2,39.15,27,990,238.0,592,225,2.0074,<1H OCEAN,117240.0
-122.26,37.54,5,1649,388.0,779,376,6.9635,NEAR BAY,361085.09
-117.29,33.05,28,1146,338.0,672,292,3.1667,NEAR OCEAN,281132.07
-118.39,33.88,31,1448,244.0,607,259,8.1513,<1H OCEAN,483478.66
-118.24,33.99,28,312,89.0,498,87,2.4107,<1H OCEAN,112424.0
-117.92,33.77,28,3614,960.0,3282,889,3.522,<1H OCEAN,179456.0
-118.16,33.86,26,6607,1663.0,4066,1558,2.5068,<1H OCEAN,175172.0
-122.16,37.71,36,666,132.0,366,134,3.4643,NEAR BAY,173632.0
-119.67,36.82,2,2579,376.0,1133,342,4.5577,INLAND,121084.0
-122.24,37.47,40,1504,270.0,689,287,6.1244,NEAR OCEAN,395914.2
-122.6,38.11,23,8642,1294.0,3594,1253,5.3962,<1H OCEAN,274094.0
-117.61,33.63,2,4678,817.0,1970,712,6.1078,<1H OCEAN,315371.07
-118.28,33.96,23,1983,611.0,2048,600,1.5313,<1H OCEAN,115313.0
-117.89,33.85,18,2036,414.0,1292,380,3.875,<1H OCEAN,197577.0
-121.77,36.93,24,1943,447.0,1844,461,3.0192,<1H OCEAN,173375.0
-121.37,38.68,36,1775,296.0,937,305,3.1786,INLAND,99939.0
-118.26,33.85,25,2324,326.0,1087,328,5.293,<1H OCEAN,247654.0
-122.17,37.73,43,1473,371.0,1231,341,2.1587,NEAR BAY,102650.0
-122.54,37.96,44,1552,204.0,596,208,10.129,NEAR BAY,499285.99
-124.16,40.8,52,2416,618.0,1150,571,1.7308,NEAR OCEAN,86922.0
-120.45,34.66,7,3329,504.0,1462,452,4.7875,NEAR OCEAN,214492.01
-120.45,34.95,10,2207,644.0,2232,543,2.375,<1H OCEAN,138611.0
-117.17,33.34,15,3313,679.0,1022,564,2.7986,<1H OCEAN,139605.0
-118.42,34.0,33,1139,299.0,734,257,3.2708,<1H OCEAN,327743.02
-119.35,36.52,39,3027,608.0,2199,592,2.6445,INLAND,72672.0
-121.84,37.29,4,2937,648.0,1780,665,4.3851,<1H OCEAN,203571.0
-120.24,37.96,34,1747,395.0,935,362,1.625,INLAND,87795.0
-122.42,37.77,52,4226,1315.0,2619,1242,2.5755,NEAR BAY,323575.06
-117.91,33.9,27,829,114.0,383,133,9.3125,<1H OCEAN,473955.53
-121.53,38.58,33,4988,1169.0,2414,1075,1.9728,INLAND,90848.0
-121.23,37.8,11,2451,665.0,1155,533,2.2254,INLAND,120618.0
-117.65,33.58,2,2411,354.0,703,217,7.8061,<1H OCEAN,342770.06
-121.0,37.6,22,4412,925.0,3116,817,2.6899,INLAND,114236.0
-118.07,34.17,36,2415,394.0,1215,413,5.5418,INLAND,356039.03
-117.69,33.64,16,2592,372.0,1279,383,6.9741,<1H OCEAN,309469.03
-121.78,37.23,18,1747,317.0,1055,285,5.898,<1H OCEAN,261306.0
-121.85,37.4,23,1793,319.0,1145,310,5.5968,<1H OCEAN,247812.0
-121.32,37.98,20,1591,589.0,1916,536,1.3531,INLAND,90783.0
-118.16,33.84,36,2831,573.0,1462,569,3.8646,<1H OCEAN,220887.0
-118.04,34.12,44,2007,288.0,921,307,6.5989,INLAND,395874.16
-122.21,37.8,50,2833,605.0,1260,552,2.8929,NEAR BAY,157812.0
-117.8,34.05,5,4536,1178.0,2485,909,4.1118,<1H OCEAN,213138.0
-121.43,38.61,33,2289,576.0,1100,503,2.1694,INLAND,98096.0
-121.8,36.72,14,2493,407.0,1296,418,5.4508,<1H OCEAN,272579.0
-122.02,37.58,15,3052,760.0,2097,728,3.3617,NEAR BAY,221383.0
-119.32,36.19,11,1281,291.0,861,313,1.0962,INLAND,55062.0
-118.2,33.81,46,1388,254.0,742,241,4.6458,NEAR OCEAN,219129.0
-117.91,33.75,8,2346,679.0,3842,674,3.0635,<1H OCEAN,172950.0
-118.13,34.02,38,1243,310.0,788,286,2.5852,<1H OCEAN,181500.0
-118.12,34.7,7,4915,885.0,2833,874,4.3229,INLAND,141320.0
-122.41,37.75,52,2164,606.0,2034,513,2.0325,NEAR BAY,249681.0
-118.26,34.09,51,1532,366.0,669,333,3.6434,<1H OCEAN,247341.01
-122.29,37.92,36,1450,235.0,568,234,6.0,NEAR BAY,325806.02
-117.43,34.1,34,1345,265.0,834,290,3.7011,INLAND,105554.0
-117.9,33.71,16,4208,630.0,2592,662,6.1966,<1H OCEAN,282613.02
-118.43,33.9,27,1536,377.0,553,326,5.4088,<1H OCEAN,412444.38
-121.43,36.5,14,1835,468.0,1867,461,2.3879,<1H OCEAN,121698.0
-120.45,37.32,21,1318,202.0,618,197,4.8214,INLAND,129248.0
-118.25,33.93,40,975,270.0,1068,270,0.9889,<1H OCEAN,91663.0
-122.5,37.74,45,1771,349.0,1098,342,3.7552,NEAR OCEAN,273714.0
-122.04,37.95,29,866,138.0,341,133,4.7188,NEAR BAY,225980.0
-117.34,34.02,28,2683,708.0,2047,636,2.275,INLAND,91612.0
-118.26,33.9,38,1566,318.0,981,318,4.0234,<1H OCEAN,152618.01
-120.45,34.94,24,1702,447.0,1240,417,2.4091,<1H OCEAN,129914.0
-117.24,33.18,19,3337,565.0,1646,554,5.0195,<1H OCEAN,244499.01
-118.15,34.18,46,2230,488.0,1985,456,2.2328,<1H OCEAN,160021.0
-122.16,37.46,45,2068,348.0,844,366,6.227,NEAR BAY,414292.31
-117.95,33.78,9,3553,1035.0,2017,986,2.9726,<1H OCEAN,185399.0
-119.05,34.13,12,57,22.0,69,15,5.0066,NEAR OCEAN,309939.09
-118.3,33.98,44,1597,388.0,902,321,1.9556,<1H OCEAN,103591.0
-120.98,37.69,18,3176,468.0,1296,471,5.5684,INLAND,198009.0
-118.27,34.05,52,1292,864.0,2081,724,0.9563,<1H OCEAN,258196.05
-122.41,37.8,52,1866,748.0,2957,710,1.8295,NEAR BAY,232487.04
-117.98,33.99,26,3343,455.0,1429,457,7.0778,<1H OCEAN,370907.05
-121.93,37.31,26,2182,704.0,1638,704,2.8981,<1H OCEAN,207692.0
-121.44,38.61,33,1591,466.0,1000,418,1.0467,INLAND,74427.0
-118.28,34.76,19,3430,601.0,1817,571,4.7875,INLAND,139623.0
-117.02,32.79,36,2211,384.0,868,329,4.0491,<1H OCEAN,164934.0
-117.21,34.08,5,5749,1385.0,2382,1088,3.0587,INLAND,110249.0
-118.21,34.05,45,2146,607.0,2868,625,2.121,<1H OCEAN,144520.0
-121.22,37.8,37,1038,222.0,521,211,2.125,INLAND,111134.0
-122.45,37.77,52,2645,626.0,1275,553,3.35,NEAR BAY,407885.17
-121.87,37.46,43,91,12.0,58,16,15.0001,<1H OCEAN,242063.06
-118.26,34.02,38,980,285.0,1308,310,1.5652,<1H OCEAN,120087.0
-117.23,32.73,35,2914,683.0,1562,638,2.5259,NEAR OCEAN,239739.0
-118.25,34.23,41,1979,496.0,1157,459,4.4083,<1H OCEAN,270437.01
-118.15,33.78,17,1584,435.0,904,406,2.0875,NEAR OCEAN,146271.0
-117.48,33.91,22,3611,666.0,1869,649,4.2207,INLAND,155459.0
-122.06,38.26,36,1248,221.0,672,222,3.3839,INLAND,114753.0
-117.12,32.7,36,1011,253.0,763,226,1.8187,NEAR OCEAN,83416.0
-121.87,37.35,27,3500,1036.0,3019,955,2.9222,<1H OCEAN,184014.0
-118.15,33.88,24,4232,1092.0,2688,1035,2.52,<1H OCEAN,179559.0
-122.55,38.07,5,1495,235.0,555,201,6.7232,NEAR BAY,328137.05
-118.05,34.13,23,3264,729.0,1475,668,3.735,INLAND,287938.0
-119.02,35.43,39,2033,370.0,956,379,3.1736,INLAND,80433.0
-122.42,37.73,52,3230,654.0,1765,611,3.3333,NEAR BAY,248977.0
-122.53,37.97,52,1560,451.0,700,419,2.5125,NEAR BAY,217848.01
-122.21,37.78,44,1729,414.0,1240,393,2.3125,NEAR BAY,120835.0
-117.29,34.15,42,1811,345.0,856,352,2.9667,INLAND,92279.0
-117.98,33.68,24,4177,,1704,606,6.2473,<1H OCEAN,281420.0
-122.18,38.17,7,4093,651.0,2228,646,5.2523,NEAR BAY,194599.0
-117.98,33.71,24,3430,548.0,1601,512,5.6825,<1H OCEAN,264880.0
-118.34,35.27,10,2939,605.0,1167,446,2.3917,INLAND,80552.0
-121.38,38.55,23,2790,430.0,1407,460,4.3288,INLAND,134906.0
-118.32,34.09,32,563,191.0,626,185,2.0341,<1H OCEAN,192798.0
-121.5,38.58,5,761,306.0,2031,295,0.7526,INLAND,145127.0
-118.3,34.19,52,1704,277.0,746,262,4.7986,<1H OCEAN,318976.04
-116.42,33.76,14,16921,2837.0,2524,1262,7.6281,INLAND,311765.0
-118.27,34.15,14,1744,536.0,1494,531,3.2171,<1H OCEAN,230856.0
-117.98,34.1,22,5661,1209.0,5389,1178,3.7727,INLAND,158049.0
-115.64,32.8,23,1228,235.0,569,235,3.1667,INLAND,79547.0
-119.73,36.68,32,755,205.0,681,207,1.7986,INLAND,59192.0
-118.6,34.13,20,14291,1934.0,5452,1875,9.1232,<1H OCEAN,486266.79
-118.3,34.04,50,1757,522.0,2080,488,1.7225,<1H OCEAN,149788.0
-120.68,35.25,16,4208,897.0,1634,806,2.2868,NEAR OCEAN,218768.0
-122.3,37.56,36,1379,228.0,750,227,5.5381,NEAR OCEAN,331829.02
-119.25,35.77,35,1618,378.0,1449,398,1.6786,INLAND,50099.0
-122.23,37.78,52,472,146.0,415,126,2.6429,NEAR BAY,122285.0
-122.23,37.46,33,2643,464.0,1015,427,4.2232,NEAR OCEAN,345825.1
-121.57,39.76,20,1384,257.0,557,232,2.0882,INLAND,85220.0
-118.98,35.36,15,1482,338.0,1059,279,1.2617,INLAND,53931.0
-118.32,34.08,46,2038,534.0,1250,525,2.4196,<1H OCEAN,246412.0
-119.71,34.41,31,1034,319.0,997,308,2.6538,NEAR OCEAN,239924.01
-118.43,37.4,19,2460,405.0,1225,425,4.1576,INLAND,133636.0
-117.29,34.12,47,1648,432.0,1308,385,1.2069,INLAND,70496.0
-118.59,34.22,17,6015,1464.0,3056,1347,4.0077,<1H OCEAN,257860.01
-117.38,34.12,17,5959,1208.0,4115,1088,2.4053,INLAND,114140.0
-117.94,33.86,36,2824,493.0,1394,507,4.6477,<1H OCEAN,205062.0
-118.98,36.06,33,2043,443.0,1497,417,2.343,INLAND,61286.0
-118.49,34.27,33,3047,527.0,1578,507,4.58,<1H OCEAN,233460.0
-121.63,39.82,11,3974,727.0,1610,634,2.6147,INLAND,96127.0
-117.03,32.73,38,3174,606.0,1557,619,3.5861,NEAR OCEAN,142792.0
-118.32,33.79,32,2381,467.0,1264,488,4.1477,<1H OCEAN,324308.0
-122.43,37.73,52,1142,224.0,494,206,5.0602,NEAR BAY,302640.04
-121.91,36.59,31,2034,335.0,966,322,4.6964,NEAR OCEAN,282687.0
-118.21,33.94,34,892,318.0,1443,341,2.1903,<1H OCEAN,132742.0
-117.59,33.67,29,1223,215.0,633,204,6.5143,<1H OCEAN,346420.18
-118.33,33.91,39,1224,312.0,1106,333,3.3491,<1H OCEAN,182377.0
-121.64,36.8,18,5915,1000.0,2975,975,4.5812,<1H OCEAN,249104.0
-122.48,37.75,49,2203,407.0,1052,405,4.4375,NEAR BAY,329482.01
-122.42,37.8,52,1777,486.0,932,427,3.3643,NEAR BAY,483334.68
-118.39,34.17,26,3345,818.0,1599,773,3.3516,<1H OCEAN,265121.01
-121.37,38.42,18,2643,502.0,1755,541,3.3281,INLAND,115536.0
-124.14,40.78,35,2426,423.0,982,432,3.4219,NEAR OCEAN,93413.0
-118.32,33.89,34,2675,560.0,1270,492,4.5053,<1H OCEAN,221011.0
-122.41,37.75,52,3065,622.0,1405,606,3.7813,NEAR BAY,277976.0
-117.39,33.93,26,3014,494.0,1832,485,4.8333,INLAND,145518.0
-120.23,37.86,16,324,61.0,135,61,2.4615,INLAND,138360.0
-121.91,37.29,36,945,149.0,371,158,5.6266,<1H OCEAN,315875.04
-114.65,32.79,21,44,33.0,64,27,0.8571,INLAND,53829.0
-117.78,33.97,2,556,63.0,179,54,8.4411,<1H OCEAN,378464.07
-118.45,37.37,26,3135,524.0,1385,523,4.337,INLAND,144741.0
-117.85,33.61,14,4340,741.0,1505,670,7.5674,<1H OCEAN,320382.04
-122.01,36.98,47,2403,517.0,1144,455,2.5954,NEAR OCEAN,238283.0
-118.2,33.93,40,1929,417.0,1780,419,3.4402,<1H OCEAN,150652.0
-121.91,36.62,40,1292,271.0,504,230,2.475,<1H OCEAN,219813.0
-118.18,33.87,38,2664,626.0,1627,604,3.7527,<1H OCEAN,170060.0
-122.05,37.38,24,2424,501.0,1367,507,4.072,<1H OCEAN,289802.0
-118.26,34.0,37,2615,697.0,2484,630,1.9208,<1H OCEAN,108184.0
-118.19,34.02,40,474,124.0,546,121,2.3438,<1H OCEAN,134925.0
-121.21,38.75,11,4552,639.0,2006,623,4.3962,INLAND,182240.0
-117.63,33.62,9,4257,785.0,1293,745,3.7139,<1H OCEAN,205011.0
-121.71,38.72,32,710,155.0,550,154,2.8882,INLAND,112795.0
-121.88,37.67,25,2244,301.0,937,324,6.4524,INLAND,280349.01
-118.37,34.21,36,1392,326.0,1181,303,3.1563,<1H OCEAN,167610.0
-118.25,34.01,43,1575,475.0,1980,469,1.7425,<1H OCEAN,106012.0
-117.79,35.21,4,2,2.0,6,2,2.375,INLAND,201599.21
-118.24,34.03,52,142,47.0,137,45,1.8333,<1H OCEAN,167184.01
-120.99,37.66,46,1750,347.0,754,356,2.9137,INLAND,111215.0
-122.56,37.97,52,1833,324.0,735,306,4.6944,NEAR BAY,338055.07
-122.43,37.77,52,2416,620.0,1188,591,2.3887,NEAR BAY,310060.06
-121.91,37.93,13,1610,198.0,703,217,8.7059,INLAND,342214.03
-118.43,33.99,43,2483,548.0,1212,493,4.0189,<1H OCEAN,350431.08
-122.19,39.91,39,2467,529.0,1433,502,1.8571,INLAND,62169.0
-118.28,34.0,48,1514,376.0,1353,344,2.1607,<1H OCEAN,115181.0
-118.15,34.11,52,1000,192.0,363,158,4.2981,<1H OCEAN,246859.0
-121.99,36.98,40,1104,224.0,669,215,4.3409,NEAR OCEAN,245812.0
-118.87,34.2,26,1924,245.0,775,244,7.001,<1H OCEAN,367161.05
-122.5,37.74,44,2527,518.0,1434,444,3.875,NEAR OCEAN,285376.0
-122.26,37.5,24,2307,510.0,842,507,3.6111,NEAR OCEAN,309521.01
-118.95,34.17,23,2630,404.0,1184,385,5.2955,<1H OCEAN,317553.1
-122.72,38.45,41,1743,373.0,780,357,3.1467,<1H OCEAN,171545.0
-122.86,38.42,38,1166,223.0,584,225,3.6667,<1H OCEAN,190954.0
-121.79,38.67,30,2602,401.0,981,405,4.7222,INLAND,178549.0
-119.19,34.22,26,3175,736.0,2460,775,3.125,NEAR OCEAN,205615.0
-121.7,38.65,22,1360,282.0,808,229,2.4167,INLAND,100415.0
-119.68,36.81,16,2668,454.0,1536,457,3.9792,INLAND,87732.0
-121.91,36.6,35,2605,410.0,1110,406,5.5519,NEAR OCEAN,330653.0
-117.68,33.48,15,1786,299.0,727,293,5.0527,<1H OCEAN,263728.05
-121.28,38.14,38,2803,500.0,1223,509,4.119,INLAND,154510.0
-117.24,33.36,11,2786,480.0,1250,450,4.5,<1H OCEAN,223736.0
-117.13,32.96,15,2267,292.0,1180,289,6.712,<1H OCEAN,281489.0
-122.38,41.43,45,2245,448.0,1155,421,1.6509,INLAND,61811.0
-122.04,37.99,36,2765,495.0,1478,441,4.125,NEAR BAY,160177.0
-121.81,38.84,37,352,65.0,238,67,2.8542,INLAND,135738.0
-122.31,37.56,45,1685,321.0,815,314,4.2955,NEAR OCEAN,310758.0
-118.28,33.82,30,3615,760.0,2813,752,5.3849,<1H OCEAN,247540.03
-122.64,38.25,31,2554,515.0,1507,533,3.8,<1H OCEAN,208563.0
-118.27,34.16,15,5036,1299.0,3164,1175,2.9148,<1H OCEAN,237684.0
-117.06,32.71,11,2397,523.0,1566,514,3.8687,NEAR OCEAN,130472.0
-122.06,37.38,21,1798,399.0,837,410,5.6999,NEAR BAY,346726.08
-118.11,34.01,41,815,252.0,775,231,2.2847,<1H OCEAN,166092.0
-118.23,34.09,41,438,201.0,690,161,2.0476,<1H OCEAN,154966.0
-118.2,33.94,44,1413,298.0,1200,307,3.5125,<1H OCEAN,160063.0
-118.41,33.93,22,2514,605.0,1225,568,4.1818,<1H OCEAN,348456.01
-118.2,33.94,45,1818,408.0,1705,373,4.0441,<1H OCEAN,162377.0
-122.87,38.61,23,2676,521.0,1456,500,3.7361,<1H OCEAN,195669.0
-118.04,34.04,32,1619,323.0,1492,342,3.5,<1H OCEAN,160687.0
-118.38,33.81,36,1018,148.0,329,169,10.5045,NEAR OCEAN,499986.99
-118.2,34.12,41,1908,503.0,1557,453,2.9194,<1H OCEAN,175408.0
-122.36,37.92,52,215,41.0,126,43,1.3929,NEAR BAY,123888.01
-118.44,34.18,36,2077,496.0,1206,528,2.2326,<1H OCEAN,211124.0
-117.81,33.63,17,4477,610.0,1798,612,8.1093,<1H OCEAN,359192.02
-122.22,38.08,37,4590,857.0,2920,832,3.436,NEAR BAY,138961.0
-117.08,32.63,33,2891,793.0,1607,754,2.1281,NEAR OCEAN,134183.0
-122.29,40.44,30,1270,365.0,840,324,1.3904,INLAND,63208.0
-124.16,40.78,50,2285,403.0,837,353,2.5417,NEAR OCEAN,92444.01
-118.35,34.13,39,1610,278.0,511,278,4.3333,<1H OCEAN,429049.18
-122.26,37.57,23,7995,1254.0,3484,1198,6.5948,NEAR BAY,368289.12
-117.23,33.83,2,1424,251.0,681,192,4.0833,INLAND,174807.01
-122.59,38.43,20,2791,546.0,785,512,3.4561,<1H OCEAN,192106.0
-118.38,34.04,31,2846,727.0,2120,672,2.7226,<1H OCEAN,250624.01
-117.96,33.87,35,1972,367.0,1152,356,3.7222,<1H OCEAN,191725.0
-118.19,34.02,44,2702,770.0,3260,721,2.3575,<1H OCEAN,144641.0
-122.0,38.36,34,2735,539.0,1390,491,2.7262,INLAND,99315.0
-116.99,32.71,21,3049,582.0,2355,585,3.8904,NEAR OCEAN,151424.0
-121.78,37.68,17,3112,872.0,1392,680,3.0222,INLAND,161587.0
-121.26,38.68,4,3080,827.0,1195,683,2.7477,INLAND,135793.0
-117.72,33.61,26,2033,463.0,618,450,2.5685,<1H OCEAN,127998.0
-121.38,38.69,35,2943,554.0,1460,510,2.6713,INLAND,112407.0
-120.95,39.93,26,2023,385.0,922,365,2.8125,INLAND,78687.0
-122.47,37.5,18,2297,416.0,1086,381,4.875,NEAR OCEAN,385640.1
-118.02,33.76,27,2905,587.0,1781,561,4.25,<1H OCEAN,204429.0
-122.49,37.74,52,2189,433.0,1147,420,3.4583,NEAR OCEAN,314345.0
-118.19,33.97,30,1790,556.0,1827,520,1.7562,<1H OCEAN,162640.0
-118.02,33.84,35,3473,563.0,2091,580,4.4821,<1H OCEAN,203215.0
-117.31,34.04,5,2785,577.0,1310,536,3.39,INLAND,127695.0
-118.04,34.08,35,1148,258.0,975,253,4.037,<1H OCEAN,174969.0
-119.2,34.26,25,2203,367.0,1194,377,5.4087,NEAR OCEAN,278493.02
-117.99,33.84,31,2982,547.0,1895,570,4.9115,<1H OCEAN,203329.0
-118.2,34.13,52,2035,459.0,2589,438,3.5349,<1H OCEAN,190317.0
-121.85,36.6,41,3138,717.0,1890,642,2.4864,<1H OCEAN,161020.0
-118.11,34.08,42,3172,644.0,1829,642,3.3966,<1H OCEAN,211237.0
-117.97,33.83,16,2035,564.0,1118,503,3.2546,<1H OCEAN,189945.0
-117.15,32.76,37,1921,502.0,811,472,2.75,NEAR OCEAN,192793.0
-117.81,33.66,20,2851,490.0,1192,463,5.8752,<1H OCEAN,287668.01
-116.97,32.79,32,1255,338.0,782,302,2.6635,<1H OCEAN,150894.0
-122.23,37.8,51,1590,414.0,949,392,1.9028,NEAR BAY,129720.0
-119.78,36.8,34,3426,623.0,1938,647,2.8994,INLAND,75519.0
-122.01,37.53,27,1890,303.0,889,314,5.7057,NEAR BAY,273620.0
-118.89,34.22,20,3878,665.0,1651,591,5.5402,<1H OCEAN,284720.01
-124.17,40.77,30,1895,366.0,990,359,2.2227,NEAR OCEAN,74501.0
-120.96,37.67,17,2434,511.0,1558,546,2.9219,INLAND,122160.0
-122.14,37.73,52,2024,320.0,823,334,5.0,NEAR BAY,277364.08
-121.62,39.15,36,2321,455.0,1168,489,3.0962,INLAND,104702.0
-116.54,33.87,16,3648,1035.0,1687,581,1.9167,INLAND,96627.0
-118.41,34.0,35,684,161.0,381,159,2.8393,<1H OCEAN,290694.01
-118.14,33.79,23,2573,688.0,1478,604,3.4833,NEAR OCEAN,232726.01
-117.96,33.85,35,1175,191.0,568,186,4.125,<1H OCEAN,205046.0
-118.05,33.83,24,4316,678.0,2286,665,5.7018,<1H OCEAN,256546.0
-122.14,37.9,32,5738,746.0,2099,732,10.3224,NEAR BAY,495777.95
-117.95,34.09,18,1179,324.0,1296,331,2.851,<1H OCEAN,168388.0
-117.66,35.61,5,5735,932.0,2623,862,4.8494,INLAND,145091.0
-118.22,34.14,52,2298,406.0,1203,387,5.5291,<1H OCEAN,341209.02
-118.38,34.04,45,767,130.0,254,118,6.2895,<1H OCEAN,424480.4
-118.09,33.89,42,991,,717,219,4.0926,<1H OCEAN,179335.0
-121.37,38.57,16,3895,896.0,1762,855,2.6635,INLAND,129069.0
-118.39,34.17,26,6429,1611.0,2806,1491,3.1929,<1H OCEAN,263163.02
-121.38,36.85,13,4115,782.0,2903,747,3.7316,INLAND,214152.0
-122.1,37.66,36,1305,225.0,768,234,4.275,NEAR BAY,194054.0
-122.43,37.43,17,11999,2249.0,5467,1989,4.8405,NEAR OCEAN,405752.18
-117.3,33.07,16,3147,765.0,2165,690,3.5585,NEAR OCEAN,232808.01
-122.49,37.59,35,2683,475.0,1498,484,5.1282,NEAR OCEAN,299721.01
-118.31,34.05,40,1667,365.0,1161,384,3.1406,<1H OCEAN,192285.0
-118.42,34.0,45,1807,355.0,883,371,5.0357,<1H OCEAN,351518.04
-122.02,37.59,18,1165,333.0,855,319,3.6923,NEAR BAY,203822.0
-116.39,33.72,19,7646,1618.0,2496,1075,3.5569,INLAND,156541.05
-124.15,40.78,41,2127,358.0,911,349,3.1711,NEAR OCEAN,115670.0
-119.29,34.44,34,4314,878.0,2361,831,3.2279,NEAR OCEAN,246009.01
-122.17,37.73,46,2163,470.0,925,435,3.25,NEAR BAY,198233.0
-117.44,33.93,33,1371,236.0,715,227,4.375,INLAND,132353.0
-117.99,34.06,32,2491,616.0,2660,595,2.564,INLAND,150016.0
-122.29,37.81,46,12,4.0,18,7,0.4999,NEAR BAY,208990.11
-118.42,34.0,14,3771,1180.0,2355,978,3.1603,<1H OCEAN,331517.05
-121.82,37.73,47,127,23.0,51,21,4.3472,INLAND,154153.0
-122.03,37.54,16,4458,856.0,3038,870,5.0739,NEAR BAY,241549.0
-122.7,38.45,39,2015,335.0,640,315,4.1734,<1H OCEAN,239055.0
-117.31,34.14,44,1487,273.0,972,281,3.2292,INLAND,100020.0
-117.98,34.08,17,3640,830.0,3537,807,3.4784,INLAND,151454.0
-121.99,38.27,16,4138,758.0,1762,723,3.1979,INLAND,133682.0
-118.22,33.92,32,1263,333.0,1789,346,1.9957,<1H OCEAN,112113.0
-117.92,34.06,35,2894,467.0,1420,479,5.184,<1H OCEAN,221512.0
-119.85,36.97,13,2872,477.0,1607,481,4.475,INLAND,108707.0
-118.27,34.14,10,1060,332.0,1025,288,3.0074,<1H OCEAN,209263.0
-122.66,38.27,16,1523,308.0,477,315,2.1696,<1H OCEAN,168271.0
-118.48,34.04,49,3780,741.0,1435,690,4.3158,<1H OCEAN,443121.38
-117.99,33.84,34,2079,343.0,1379,352,5.103,<1H OCEAN,213709.0
-121.25,39.17,9,999,189.0,411,176,2.125,INLAND,103257.0
-117.05,32.67,32,4227,785.0,2842,795,3.9646,NEAR OCEAN,142964.0
-121.29,37.97,52,2995,555.0,1392,503,1.7794,INLAND,91932.0
-117.08,33.82,6,1771,293.0,935,279,4.065,INLAND,158270.01
-118.29,33.99,43,1902,398.0,1153,363,1.9375,<1H OCEAN,101517.0
-121.06,39.22,52,1749,422.0,837,391,2.325,INLAND,108962.0
-118.38,33.96,44,2395,458.0,1287,450,4.6923,<1H OCEAN,322518.01
-117.18,32.78,21,4185,1018.0,3122,993,3.0481,NEAR OCEAN,207703.0
-118.14,34.01,46,1746,447.0,1296,392,2.3929,<1H OCEAN,174107.0
-122.34,37.59,44,1395,269.0,736,288,5.6206,NEAR OCEAN,348155.07
-121.8,37.69,17,3956,639.0,2222,662,5.4324,INLAND,213829.0
-122.58,38.08,27,10839,1637.0,4406,1623,5.615,NEAR BAY,294379.0
-122.22,38.1,38,931,181.0,566,207,3.0221,NEAR BAY,133351.0
-118.04,34.1,39,2302,412.0,1590,406,4.8017,INLAND,263104.0
-118.21,33.83,38,793,193.0,601,187,2.8837,NEAR OCEAN,173695.0
-118.27,34.24,30,2180,369.0,1050,390,6.3688,<1H OCEAN,347653.05
-119.12,36.05,27,1575,321.0,1063,317,2.1477,INLAND,62416.0
-118.11,33.75,24,1608,314.0,592,314,5.0926,NEAR OCEAN,388739.28
-117.94,33.67,26,2552,314.0,925,323,8.1839,<1H OCEAN,367373.12
-118.54,34.28,18,5481,780.0,2477,764,6.7248,<1H OCEAN,322837.09
-122.04,37.35,28,3250,485.0,1328,473,7.4729,<1H OCEAN,423780.2
-121.99,37.36,32,1754,324.0,917,330,4.6761,<1H OCEAN,252512.0
-117.39,34.04,27,2919,549.0,1841,564,2.8682,INLAND,109431.0
-122.23,37.79,43,5963,1344.0,4367,1231,2.1917,NEAR BAY,195050.01
-121.54,38.58,30,4648,1252.0,2524,1089,1.3177,INLAND,93790.0
-118.29,34.02,21,1641,491.0,1526,453,2.087,<1H OCEAN,135705.0
-117.87,33.83,27,2287,,1140,351,5.6163,<1H OCEAN,252426.0
-118.17,34.03,31,1014,252.0,1064,247,2.4167,<1H OCEAN,143812.0
-121.24,38.78,11,1851,352.0,1049,369,3.5288,INLAND,139555.0
-118.13,34.13,39,2099,397.0,1500,380,4.8304,<1H OCEAN,249680.01
-117.09,32.76,29,1650,496.0,882,445,2.2287,NEAR OCEAN,137281.0
-120.84,35.32,17,4197,802.0,1656,732,3.526,NEAR OCEAN,260111.0
-121.85,37.26,16,2312,303.0,1158,295,7.4323,<1H OCEAN,357176.09
-117.18,32.95,4,19001,2688.0,8980,2441,6.3237,<1H OCEAN,287506.0
-116.45,33.8,9,5534,1206.0,2283,1008,3.6161,INLAND,151541.04
-117.25,33.0,14,2518,458.0,931,414,5.8393,NEAR OCEAN,370254.15
-122.13,37.68,43,1676,340.0,924,328,3.6,NEAR BAY,180007.0
-121.94,37.34,42,2174,420.0,1304,464,3.1429,<1H OCEAN,229712.0
-121.86,37.66,22,3634,664.0,1699,640,4.1597,INLAND,211350.0
-117.76,34.06,30,1700,504.0,1719,459,2.227,INLAND,115416.0
-117.02,32.7,22,2756,516.0,1849,486,4.1837,NEAR OCEAN,144265.0
-124.01,40.97,21,1513,319.0,943,301,3.538,<1H OCEAN,117332.0
-122.94,38.49,37,3169,719.0,777,344,2.7072,<1H OCEAN,144899.0
-117.26,33.19,4,2342,595.0,1518,545,2.9469,NEAR OCEAN,185003.0
-117.59,34.02,14,1463,261.0,881,245,4.7857,INLAND,153186.0
-122.19,37.82,32,1835,264.0,635,263,8.317,NEAR BAY,423472.1
-122.44,37.75,52,3114,637.0,1144,591,4.0,NEAR BAY,354154.01
-118.28,34.01,46,441,167.0,621,144,1.8824,<1H OCEAN,116003.0
-117.15,32.72,51,1321,,781,499,1.3071,NEAR OCEAN,153956.0
-122.43,37.72,50,2912,562.0,1989,537,3.6667,NEAR BAY,245301.0
-117.86,34.24,52,803,267.0,628,225,4.1932,INLAND,218961.0
-121.45,37.72,2,2239,321.0,766,219,5.75,INLAND,204542.0
-118.67,34.27,15,3221,659.0,1390,607,3.5313,<1H OCEAN,208856.0
-118.32,34.09,44,2666,,2297,726,1.676,<1H OCEAN,206855.01
-122.2,37.88,36,1065,160.0,398,155,7.7736,NEAR BAY,416971.14
-117.07,32.69,29,1429,293.0,1091,317,3.4609,NEAR OCEAN,126016.0
-120.9,39.95,20,1349,238.0,601,203,3.5417,INLAND,98349.0
-118.48,34.26,36,1770,296.0,938,304,5.749,<1H OCEAN,256508.0
-118.54,34.22,34,2193,513.0,1299,497,3.6187,<1H OCEAN,218985.0
-121.84,37.66,13,13182,2074.0,4847,1950,5.6417,INLAND,240691.0
-119.69,36.38,25,1688,302.0,879,277,3.3214,INLAND,92234.0
-118.11,33.92,32,1016,190.0,729,177,4.3,<1H OCEAN,185477.0
-120.69,36.84,18,902,195.0,771,174,2.2083,INLAND,77065.0
-118.23,33.76,21,49,14.0,29,16,5.0,NEAR OCEAN,323918.12
-122.27,37.78,45,1169,263.0,723,286,3.9444,NEAR BAY,225112.02
-117.72,33.53,14,1672,295.0,704,293,5.1129,<1H OCEAN,291348.05
-117.18,32.69,37,3112,716.0,1304,674,3.2121,NEAR OCEAN,317897.11
-119.78,36.31,14,1287,291.0,737,269,3.1667,INLAND,82085.0
-122.22,37.77,40,494,114.0,547,135,2.8015,NEAR BAY,124829.0
-119.56,36.1,25,1093,262.0,893,252,2.13,INLAND,62026.0
-118.27,34.0,43,1258,381.0,1276,358,1.8917,<1H OCEAN,106762.0
-121.79,38.01,17,4032,814.0,1749,618,3.1728,INLAND,139249.0
-118.49,34.01,28,651,252.0,333,174,1.9722,<1H OCEAN,298365.01
-121.77,37.68,44,495,112.0,277,109,2.6667,INLAND,147240.0
-118.39,34.28,24,4694,820.0,3566,777,4.4818,<1H OCEAN,209370.0
-118.02,33.83,26,3616,892.0,2257,821,3.1497,<1H OCEAN,197692.0
-118.21,33.79,44,121,29.0,153,30,2.1964,NEAR OCEAN,160244.05
-121.44,38.58,42,2334,435.0,892,446,3.0208,INLAND,99937.0
-117.86,33.87,19,1591,279.0,891,237,5.6573,<1H OCEAN,259845.01
-118.35,34.08,52,2877,721.0,1186,704,3.2645,<1H OCEAN,342846.13
-122.38,40.54,36,1216,240.0,647,228,2.6944,INLAND,96204.0
-119.79,34.44,25,1479,314.0,977,309,4.1797,NEAR OCEAN,292787.01
-121.27,37.96,52,583,114.0,310,93,2.5625,INLAND,95194.0
-120.02,39.24,32,1347,444.0,825,303,1.8269,INLAND,98421.0
-120.15,39.2,14,1382,242.0,141,66,4.1016,INLAND,179462.01
-118.31,33.88,32,2421,671.0,1491,587,3.5644,<1H OCEAN,235226.0
-117.99,34.0,26,2988,397.0,1371,415,6.6988,<1H OCEAN,333302.07
-122.0,38.23,1,2062,343.0,872,268,5.2636,INLAND,174249.0
-122.07,37.91,28,1731,295.0,810,295,5.0391,NEAR BAY,267557.04
-117.42,34.1,18,3977,809.0,2231,742,4.1399,INLAND,134980.0
-118.14,34.01,42,1973,510.0,1841,502,2.5326,<1H OCEAN,169863.0
-118.46,34.42,25,2988,525.0,1884,513,4.7007,<1H OCEAN,204598.0
-117.31,34.44,10,1731,299.0,1056,312,3.6007,INLAND,121188.0
-121.89,37.67,19,2034,288.0,852,295,6.5285,INLAND,299442.0
-117.21,33.95,5,8403,1240.0,3962,1150,5.2174,INLAND,174639.0
-121.65,39.32,40,812,154.0,374,142,2.7891,INLAND,96419.0
-118.18,33.82,52,2618,472.0,943,440,3.7895,NEAR OCEAN,259826.01
-117.83,33.77,26,4931,853.0,2249,818,4.275,<1H OCEAN,246790.0
-117.2,32.85,26,2298,549.0,980,555,2.4207,NEAR OCEAN,228456.0
-122.32,37.92,28,4649,977.0,2606,953,3.2674,NEAR BAY,239625.08
-118.36,34.17,44,2295,560.0,1543,528,2.3851,<1H OCEAN,217933.01
-118.38,33.84,25,5775,1149.0,2637,1117,5.4968,<1H OCEAN,358161.03
-122.08,37.37,29,1229,,707,194,7.1108,NEAR BAY,441019.51
-117.7,33.57,9,1204,355.0,469,293,3.6196,<1H OCEAN,273213.17
-121.88,37.4,9,6751,,4240,1438,5.34,<1H OCEAN,240933.01
-121.43,39.18,36,1124,184.0,504,171,2.1667,INLAND,85179.0
-117.32,33.22,15,4784,1039.0,1810,986,2.4375,NEAR OCEAN,147745.0
-117.32,34.19,6,1068,182.0,999,188,4.7222,INLAND,137558.0
-118.01,33.88,19,1434,391.0,1088,341,3.369,<1H OCEAN,182524.0
-118.16,33.78,52,3248,853.0,1819,815,3.1739,NEAR OCEAN,284895.03
-118.29,34.18,10,4292,1075.0,2719,987,3.6974,<1H OCEAN,243417.0
-119.14,34.17,16,1593,353.0,836,357,2.726,NEAR OCEAN,262073.05
-118.25,33.89,41,1476,286.0,1086,278,2.4632,<1H OCEAN,98231.0
-121.07,39.05,10,1813,311.0,827,287,3.6087,INLAND,166555.0
-120.71,37.39,40,680,160.0,785,175,2.6058,INLAND,98347.0
-117.16,32.73,52,1682,617.0,873,534,2.0972,NEAR OCEAN,169931.0
-121.34,38.57,14,5737,1008.0,2731,983,4.4602,INLAND,152665.0
-117.24,32.8,18,2205,661.0,874,580,3.8018,NEAR OCEAN,254112.02
-116.57,35.43,8,9975,1743.0,6835,1439,2.7138,INLAND,86076.0
-117.96,33.75,22,2300,539.0,1625,542,2.78,<1H OCEAN,189468.0
-121.83,37.34,26,1848,339.0,1952,327,4.087,<1H OCEAN,158602.0
-118.29,34.09,52,1272,322.0,984,353,1.9063,<1H OCEAN,213419.0
-120.94,40.14,31,3127,664.0,1345,580,1.5774,INLAND,66397.0
-117.97,33.82,26,2335,504.0,1121,502,2.9891,<1H OCEAN,208485.0
-122.43,37.8,52,2994,821.0,1240,779,3.3715,NEAR BAY,481793.7
-117.85,34.0,26,2712,402.0,1389,377,5.6513,<1H OCEAN,250114.0
-117.85,33.81,26,4186,767.0,2447,777,4.9917,<1H OCEAN,234753.0
-122.49,38.32,30,1631,284.0,788,284,3.3098,<1H OCEAN,184693.0
-118.51,34.16,23,11154,1995.0,4076,1809,5.4609,<1H OCEAN,372437.3
-119.99,38.88,17,2807,529.0,675,251,2.7457,INLAND,120338.0
-118.32,34.2,36,759,136.0,372,135,4.9886,<1H OCEAN,249750.02
-118.09,33.82,36,2219,393.0,1042,396,5.2299,<1H OCEAN,235953.0
-122.08,37.63,37,1793,364.0,1534,346,3.6458,NEAR BAY,167575.0
-121.25,37.92,19,2109,427.0,1742,426,2.4097,INLAND,96599.0
-117.69,33.53,17,5041,778.0,2396,801,6.0868,<1H OCEAN,284839.0
-117.99,33.72,26,1787,275.0,801,270,5.5514,<1H OCEAN,241710.0
-118.15,34.0,32,3218,739.0,2368,730,3.1406,<1H OCEAN,215245.0
-121.0,35.94,16,3077,628.0,1479,536,3.3724,<1H OCEAN,178793.0
-117.14,33.23,11,4068,829.0,918,500,3.1272,<1H OCEAN,209991.0
-118.31,34.1,40,4984,2158.0,4828,2028,1.6903,<1H OCEAN,234074.03
-117.71,33.62,22,2520,387.0,1338,391,5.8898,<1H OCEAN,280552.01
-117.84,34.11,17,3499,621.0,1911,621,4.8894,INLAND,207102.0
-122.08,37.08,35,1541,297.0,791,277,4.425,NEAR OCEAN,237504.02
-118.43,34.17,37,1982,331.0,794,340,5.9275,<1H OCEAN,368022.06
-117.64,33.68,4,5687,970.0,2677,938,6.5069,<1H OCEAN,302138.01
-118.27,33.86,29,2587,489.0,2115,475,3.7466,<1H OCEAN,183893.0
-117.05,33.01,17,3430,425.0,1468,433,10.6186,<1H OCEAN,460528.55
-118.17,33.94,17,1145,209.0,499,202,4.6389,<1H OCEAN,187120.0
-122.28,37.8,52,96,31.0,191,34,0.75,NEAR BAY,160836.04
-122.28,37.53,15,5417,1199.0,2593,1098,4.8047,NEAR OCEAN,339642.16
-118.47,34.05,22,5215,1193.0,2048,1121,4.7009,<1H OCEAN,463726.56
-122.28,37.54,24,5114,1357.0,3169,1268,3.9699,NEAR OCEAN,305860.03
-122.03,37.35,25,3095,514.0,1251,507,5.5388,<1H OCEAN,326076.02
-117.24,32.81,33,1588,289.0,683,301,5.4103,NEAR OCEAN,346529.31
-122.29,37.89,52,3171,698.0,1498,696,3.1795,NEAR BAY,239300.0
-118.87,34.23,14,4242,746.0,1858,689,6.0145,<1H OCEAN,346198.07
-119.45,35.07,45,973,183.0,500,177,2.6389,INLAND,83603.0
-121.64,37.85,22,1999,415.0,967,320,4.4583,INLAND,190103.0
-120.01,34.54,30,2992,609.0,1288,465,3.9375,NEAR OCEAN,265228.01
-117.26,33.05,14,2323,373.0,1057,372,6.2513,NEAR OCEAN,310380.01
-122.31,38.32,35,3997,762.0,2074,703,3.285,NEAR BAY,150641.0
-119.35,36.33,14,1195,220.0,568,229,3.1486,INLAND,91368.0
-117.8,33.78,17,4138,805.0,2442,780,4.7804,<1H OCEAN,209339.0
-116.51,33.94,12,3369,780.0,1315,584,1.7388,INLAND,86790.0
-121.32,37.95,40,964,230.0,742,209,1.2625,INLAND,68126.0
-119.08,35.39,10,6435,1040.0,3242,1030,5.575,INLAND,159798.0
-116.96,32.79,17,5236,1325.0,3308,1233,2.3221,<1H OCEAN,134115.0
-118.21,34.11,32,2759,499.0,1661,533,4.3812,<1H OCEAN,258465.07
-117.8,33.68,8,2032,349.0,862,340,6.9133,<1H OCEAN,313310.01
-121.6,39.75,19,2888,591.0,984,499,1.9766,INLAND,80113.0
-117.3,34.1,44,589,130.0,504,137,1.775,INLAND,67442.0
-118.34,33.95,33,1923,459.0,1412,361,5.4359,<1H OCEAN,256013.02
-122.45,37.74,46,6429,1093.0,2535,1109,5.0887,NEAR BAY,381930.14
-121.76,36.91,23,1276,437.0,1359,376,1.9609,<1H OCEAN,152315.0
-118.33,34.04,52,2545,401.0,1004,372,3.6373,<1H OCEAN,205429.01
-122.54,37.7,36,3988,732.0,1793,708,4.2472,NEAR OCEAN,302319.0
-117.57,34.13,5,6135,879.0,2795,781,5.9369,INLAND,217289.0
-118.19,34.08,38,1241,298.0,1055,263,2.3409,<1H OCEAN,147130.0
-118.24,34.12,34,80,26.0,125,35,0.8907,<1H OCEAN,250874.07
-121.29,37.89,26,161,27.0,1542,30,5.7485,INLAND,225432.0
-122.43,37.66,43,1769,387.0,1102,377,4.5493,NEAR OCEAN,260901.0
-122.72,38.88,29,2781,,890,310,1.9906,INLAND,93819.0
-117.31,33.75,19,3173,678.0,2204,606,2.1484,<1H OCEAN,126134.0
-121.68,37.98,19,3388,599.0,1707,575,3.6411,INLAND,152951.0
-117.11,32.9,16,2043,388.0,705,352,4.4766,<1H OCEAN,172928.0
-117.64,34.08,37,2576,468.0,1284,428,3.3958,INLAND,127184.0
-122.1,37.61,35,2361,458.0,1727,467,4.5281,NEAR BAY,199150.0
-117.89,34.11,27,2434,535.0,1623,498,3.6875,<1H OCEAN,169115.0
-117.89,34.13,34,2159,386.0,1443,385,4.1995,<1H OCEAN,169999.0
-121.21,37.5,34,294,49.0,147,47,3.0,INLAND,164431.0
-120.85,37.78,15,3553,659.0,1684,611,3.3169,INLAND,134554.0
-117.93,34.08,36,1597,285.0,901,272,4.3947,<1H OCEAN,188034.0
-120.22,38.05,14,3803,689.0,1129,477,2.7188,INLAND,121322.0
-117.21,32.75,15,1716,702.0,914,672,1.0612,NEAR OCEAN,167568.0
-118.16,33.92,44,1368,277.0,899,271,3.5938,<1H OCEAN,174263.0
-119.2,34.18,22,6465,1397.0,2694,1370,2.9832,NEAR OCEAN,206810.01
-119.89,36.64,34,1422,237.0,716,222,2.975,INLAND,80379.0
-122.16,37.79,22,12842,2048.0,4985,1967,5.9849,NEAR BAY,306344.04
-118.4,34.03,36,1831,296.0,871,269,8.1484,<1H OCEAN,497791.95
-119.63,36.33,14,2928,600.0,1633,559,1.8385,INLAND,62568.0
-118.29,33.88,32,2307,493.0,1754,528,4.317,<1H OCEAN,212342.0
-122.48,37.57,34,4648,806.0,2282,814,4.5556,NEAR OCEAN,371989.04
-122.11,39.82,27,1065,214.0,508,198,2.625,INLAND,81814.0
-117.29,33.72,19,2248,427.0,1207,368,2.817,<1H OCEAN,149647.0
-118.24,33.99,33,885,294.0,1270,282,2.1615,<1H OCEAN,111042.0
-119.72,34.44,43,1781,342.0,663,358,4.7,<1H OCEAN,357726.2
-117.91,33.63,30,2071,412.0,1081,412,4.9125,<1H OCEAN,327857.12
-118.56,34.19,36,2600,441.0,1246,426,4.1111,<1H OCEAN,229988.01
